area_ping,floor,has_elevator,building_age,condition,difficulty_multiplier,cost_demolition,cost_plumbing,cost_electrical,cost_carpentry,cost_flooring,cost_painting,cost_bathroom,cost_kitchen,trade_subtotal,supervision_fee,grand_total,monthly_rent,net_yield,payback_months
41.4,10,False,25,aging,1.4,30427,63867,128364,163269,169797,167332,119746,106327,949129,94913,1044042,40400,0.397,30.2
42.6,13,True,23,aging,1.05,32960,45692,101262,162544,147762,102464,103596,94162,790442,79044,869487,36600,0.4319,27.8
18.1,14,True,29,aging,1.05,11762,18865,43443,59856,56396,47584,44253,53086,335245,33524,368769,14300,0.3979,30.2
47.2,15,True,33,aging,1.15,33421,97690,98054,187186,147982,162233,129472,125354,981392,98139,1079531,42700,0.4058,29.6
13.7,5,False,25,poor,1.2,13010,24025,49557,58899,57860,54693,34085,36101,328230,32823,361053,11900,0.3382,35.5
30.6,8,False,37,normal,1.35,25047,60866,81508,102258,113167,90605,97846,95036,666332,66633,732965,29700,0.4157,28.9
17.8,7,True,9,normal,1.0,12784,22778,47399,57124,53052,49797,34998,36755,314686,31469,346155,20000,0.5928,20.2
26.0,8,True,22,normal,1.0,18667,38244,59160,91559,111592,63786,48828,53659,485495,48549,534044,25500,0.4899,24.5
30.7,4,False,34,normal,1.15,24824,46727,73916,99616,103280,118614,69723,63561,600262,60026,660288,27600,0.4289,28.0
46.9,12,True,43,severe,1.25,40686,80154,137975,173339,142905,176149,117871,129589,998668,99867,1098534,39300,0.3671,32.7
35.4,1,False,5,poor,1.1,22689,54044,101849,147521,191488,110039,73671,107355,808655,80865,889520,31900,0.3679,32.6
36.8,10,False,19,aging,1.4,37698,61741,108605,155687,121682,168121,114506,89184,857224,85722,942947,38100,0.4146,28.9
18.2,11,False,11,severe,1.5,17509,33261,63269,85212,70734,71373,61889,63765,467012,46701,513714,13700,0.2736,43.9
31.0,13,True,30,normal,1.0,22773,38515,62265,124531,72927,109449,73809,59052,563320,56332,619652,27500,0.4553,26.4
27.6,2,True,44,aging,1.15,20732,36667,67556,111969,99549,93352,64248,59648,553722,55372,609094,31000,0.5222,23.0
23.3,12,True,24,aging,1.05,16860,31589,46598,60698,61799,68694,58927,55125,400291,40029,440320,20500,0.4777,25.1
33.4,5,False,8,severe,1.25,23373,40002,99598,122804,160975,114256,90059,87179,738246,73825,812070,32300,0.4081,29.4
29.5,13,True,40,normal,1.1,23911,33987,70174,94638,118341,89971,74941,65485,571447,57145,628591,34700,0.5664,21.2
45.8,3,True,33,normal,1.1,28868,66553,105848,134073,178098,125946,103122,98758,841266,84127,925393,40500,0.449,26.7
45.8,10,True,23,normal,1.0,24192,44089,96605,126124,191136,153137,100836,100694,836814,83681,920495,45500,0.5072,23.7
24.9,1,True,52,normal,1.1,17778,31563,53899,85996,96469,84549,54782,59703,484740,48474,533214,20800,0.4002,30.0
40.9,1,True,43,severe,1.25,34317,68478,162438,171199,224351,164093,128906,145703,1099486,109949,1209435,42500,0.3605,33.3
27.2,8,True,30,severe,1.15,17602,36257,91832,94408,107172,92544,70135,64790,574740,57474,632214,25300,0.4106,29.2
45.9,12,False,41,aging,1.5,60541,87009,157355,224888,261399,155652,153340,135035,1235219,123522,1358741,34700,0.262,45.8
35.8,1,False,19,normal,1.0,24196,42772,85752,110797,122523,122588,87453,76217,672299,67230,739528,33500,0.4648,25.8
16.4,2,False,23,normal,1.0,13702,21438,35953,53407,59879,60853,31859,44916,322008,32201,354208,13500,0.391,30.7
17.5,9,True,48,normal,1.1,11890,24398,39976,77024,69298,37674,48981,45877,355117,35512,390629,16800,0.4413,27.2
49.1,15,True,48,normal,1.1,28744,93107,96055,165094,162158,138736,133842,139220,956957,95696,1052653,51600,0.5029,23.9
19.9,2,True,24,normal,1.0,12095,24972,30912,75819,70262,53763,38731,50906,357462,35746,393208,19600,0.5114,23.5
27.5,7,True,25,severe,1.15,20585,31347,75132,95868,94266,108384,63859,55273,544715,54471,599186,26700,0.4572,26.2
24.6,14,True,48,aging,1.15,15321,33467,58753,69215,88098,94484,62567,58576,480481,48048,528529,19700,0.3824,31.4
19.2,8,True,20,severe,1.15,17352,36025,52406,78838,71074,58785,46472,52058,413011,41301,454312,16900,0.3817,31.4
44.0,6,True,52,poor,1.2,44113,47487,124369,193077,254058,141298,130201,130470,1065072,106507,1171579,48800,0.4274,28.1
15.4,8,True,14,severe,1.15,12612,22920,41246,52956,55964,47455,41625,40424,315202,31520,346723,18000,0.5326,22.5
25.2,7,True,37,severe,1.25,20122,27603,72902,94202,114207,79894,58904,55955,523789,52379,576168,20400,0.3633,33.0
21.1,6,True,21,aging,1.05,16158,29094,44121,56309,82502,54782,54518,48660,386144,38614,424758,20300,0.4903,24.5
35.0,10,True,51,aging,1.15,24434,43860,103433,106965,151397,116580,95993,85852,728514,72851,801366,24600,0.315,38.1
19.2,3,False,13,aging,1.05,12369,25308,45422,61959,65544,54534,46865,39164,351166,35117,386283,20500,0.5445,22.0
23.6,2,False,35,normal,1.1,19025,28465,61736,85564,83533,68419,63006,54512,464259,46426,510685,19200,0.3857,31.1
23.5,4,False,43,aging,1.2,15131,35388,61489,74778,108440,67931,69791,55134,488081,48808,536889,20400,0.3898,30.8
47.0,13,True,20,normal,1.0,37745,57888,107923,158891,177812,124503,106084,118280,889127,88913,978039,52700,0.5528,21.7
17.1,5,False,39,aging,1.25,11479,25874,45116,65859,49598,61162,37288,39233,335608,33561,369169,16800,0.4669,25.7
36.4,5,False,24,normal,1.1,26950,42978,93664,154199,169228,119312,97544,81842,785718,78572,864290,27700,0.3288,36.5
20.7,2,False,42,normal,1.1,15145,30053,56983,79758,80441,55289,62972,43587,424227,42423,466650,18000,0.3958,30.3
42.8,4,True,40,aging,1.15,23086,54574,115613,146717,171628,93826,106603,83024,795071,79507,874578,40900,0.4798,25.0
29.6,9,True,52,normal,1.1,20631,35058,70878,106418,119667,95608,77855,74596,600711,60071,660782,30900,0.4798,25.0
26.2,5,True,36,normal,1.1,20808,36201,64873,115837,109226,85287,70302,86157,588689,58869,647558,25200,0.3993,30.1
15.4,9,False,25,aging,1.35,11162,22536,51236,61775,83591,47412,54531,41385,373628,37363,410991,12200,0.3046,39.4
49.7,8,True,20,aging,1.05,35167,54641,106262,152323,197514,136859,132357,107074,922197,92220,1014416,38500,0.3894,30.8
13.3,11,False,43,aging,1.5,12473,26172,45138,56097,85340,63288,45487,47932,381927,38193,420119,10700,0.2613,45.9
34.7,3,True,45,aging,1.15,24707,52087,86097,157770,117020,102410,88463,71921,700476,70048,770523,34500,0.4594,26.1
32.4,8,True,18,normal,1.0,19944,36353,78866,116656,150334,89403,65069,84045,640670,64067,704737,30600,0.4455,26.9
24.9,11,True,39,normal,1.1,17842,31145,55420,82825,84652,70658,59029,54463,456033,45603,501637,25900,0.5297,22.7
49.5,5,True,13,aging,1.05,36588,67014,114492,196066,143936,94800,123900,116199,892995,89299,982294,46300,0.4836,24.8
25.9,6,True,30,normal,1.0,15867,41390,59758,111350,81824,70718,63080,53512,497498,49750,547248,30600,0.5737,20.9
49.0,8,True,24,aging,1.05,38054,64077,113318,168414,200282,178154,106928,116934,986162,98616,1084778,46700,0.4417,27.2
35.7,15,True,30,normal,1.0,19699,46388,82196,121230,169137,119840,80445,76992,715927,71593,787520,37500,0.4886,24.6
30.9,3,False,4,severe,1.15,23578,46179,61843,110018,139853,113459,91051,80107,666088,66609,732697,30900,0.4327,27.7
24.9,13,True,15,normal,1.0,16631,37363,72186,104302,87043,82429,64552,54466,518972,51897,570869,24400,0.4385,27.4
18.3,4,False,26,poor,1.15,12592,29991,49804,54148,60509,55285,56024,43105,361458,36146,397604,22100,0.5703,21.0
30.9,13,True,49,aging,1.15,23458,47240,89392,138627,113348,111127,73165,62429,658787,65879,724666,25500,0.361,33.2
34.1,4,False,29,poor,1.15,30965,56718,90909,164128,158928,110596,94649,97701,804594,80459,885053,31800,0.3686,32.6
31.5,14,True,44,aging,1.15,20813,42061,94387,116811,125125,94490,72742,86138,652568,65257,717825,28800,0.4116,29.2
24.0,1,False,6,aging,1.05,15585,31006,57854,81243,76563,79317,52581,70662,464812,46481,511293,18300,0.3672,32.7
24.5,9,True,41,normal,1.1,17122,34141,62362,84503,126539,80220,62871,59937,527695,52769,580464,23500,0.4154,28.9
26.4,5,False,25,normal,1.1,20230,37788,66662,97444,88559,78006,62682,74896,526267,52627,578894,24900,0.4413,27.2
15.4,6,True,53,aging,1.15,13042,24183,40950,72179,63687,49875,43727,44006,351649,35165,386814,12100,0.3209,37.4
21.3,10,False,3,normal,1.35,18832,39864,64556,80332,109786,70534,60769,58148,502819,50282,553101,23800,0.4415,27.2
35.0,3,True,6,normal,1.0,19675,46753,78430,85959,121173,95821,81188,50693,579692,57969,637661,33900,0.5455,22.0
44.7,1,False,34,poor,1.2,35120,81922,112219,182333,172013,172609,118428,114293,988936,98894,1087830,48500,0.4574,26.2
39.5,2,False,48,normal,1.1,31951,46620,79828,142687,137287,113812,86545,83870,722599,72260,794859,36100,0.466,25.8
22.4,10,True,11,normal,1.0,15423,26088,60467,78582,106743,63109,47154,51522,449089,44909,493998,17600,0.3655,32.8
17.4,1,False,40,aging,1.15,13621,27356,50447,62215,98271,62948,49579,47366,411803,41180,452983,18100,0.41,29.3
27.8,2,True,3,normal,1.0,22041,37269,64192,83420,84003,61023,52840,54046,458834,45883,504717,28900,0.5875,20.4
30.0,2,False,53,normal,1.1,19270,43424,66046,100464,122749,115852,76051,72985,616841,61684,678525,27800,0.4204,28.5
34.0,9,True,28,severe,1.15,21874,43721,90215,148996,149706,118038,88946,83502,744999,74500,819499,29100,0.3643,32.9
45.6,13,True,18,normal,1.0,26661,52183,81667,154022,174070,137502,105953,94628,826686,82669,909354,53200,0.6002,20.0
22.9,3,False,48,aging,1.15,16426,36506,60694,99070,102048,74826,52811,67870,510250,51025,561275,18400,0.3363,35.7
27.3,6,True,11,normal,1.0,17771,23901,57945,77849,91444,72981,65904,56468,464264,46426,510690,22400,0.45,26.7
23.4,8,False,19,aging,1.3,18563,30325,64034,83591,96470,90842,83033,74955,541815,54182,595997,21000,0.3615,33.2
46.9,14,True,42,normal,1.1,42601,62412,108174,204796,153459,150222,117113,108604,947380,94738,1042118,44900,0.4421,27.1
47.2,8,True,35,poor,1.2,43082,84939,121902,227770,200587,168854,123547,121617,1092298,109230,1201528,46600,0.3979,30.2
31.0,15,False,14,normal,1.5,31384,48004,108513,143242,164788,137400,89687,98819,821836,82184,904020,28200,0.3201,37.5
40.7,5,False,21,normal,1.1,35473,70091,100697,190640,203932,128265,115804,114121,959023,95902,1054926,35800,0.3482,34.5
26.5,11,True,5,normal,1.0,17161,32601,58510,110314,94922,88114,55644,65998,523264,52326,575591,23800,0.4242,28.3
18.4,11,True,53,poor,1.2,17130,28914,50075,62773,85461,60905,47767,41567,394592,39459,434051,23900,0.5649,21.2
15.0,13,False,42,normal,1.5,13890,24661,53527,80469,79972,76778,64927,55044,449268,44927,494195,19500,0.4048,29.6
41.2,7,True,35,normal,1.1,26144,63105,101171,159629,152055,145342,130815,100875,879135,87913,967048,41800,0.4435,27.1
24.3,5,False,32,aging,1.25,22372,35406,70161,87519,103005,92280,67878,65516,544140,54414,598554,25800,0.4422,27.1
31.4,1,False,27,normal,1.0,21532,37182,73222,89058,125392,106751,59819,59171,572126,57213,629339,27500,0.4483,26.8
39.2,2,False,6,severe,1.15,36247,45662,102672,181504,149201,104451,103187,103641,826566,82657,909223,34000,0.3837,31.3
29.2,11,True,20,poor,1.1,21850,27736,68443,99357,79133,96096,70252,65127,527996,52800,580795,28200,0.4982,24.1
40.6,11,False,10,aging,1.45,31181,77214,146091,149907,218417,179263,114573,121624,1038270,103827,1142097,35700,0.3207,37.4
47.1,5,False,31,normal,1.2,34436,77677,137037,200380,199150,152226,104437,105464,1010807,101081,1111888,48100,0.4438,27.0
42.3,8,True,50,aging,1.15,29989,47044,103541,153918,185517,144493,87173,102293,853967,85397,939364,33100,0.3615,33.2
23.2,11,True,44,aging,1.15,19987,29318,75190,101254,106631,77775,66019,61194,537368,53737,591105,19500,0.3385,35.5
37.8,6,False,6,aging,1.2,31135,54387,102077,194965,168079,166349,101144,118970,937106,93711,1030817,32200,0.3205,37.4
48.4,11,True,49,poor,1.2,40890,61370,127708,174709,195968,187863,104995,113368,1006871,100687,1107558,51600,0.478,25.1
16.8,6,True,31,severe,1.25,14199,34190,52495,78458,89693,79523,43885,42659,435102,43510,478612,15800,0.3387,35.4
14.6,11,True,37,poor,1.2,9272,23087,34310,51672,65557,47691,37048,30592,299229,29923,329152,10900,0.3398,35.3
28.7,10,False,12,normal,1.35,24656,49501,90920,124942,134757,150456,89287,74101,738620,73862,812482,30800,0.3889,30.9
23.5,7,True,5,poor,1.1,14822,27641,58930,74818,96414,64330,50564,52320,439839,43984,483823,18900,0.4008,29.9
42.0,11,False,15,normal,1.4,37332,79736,141480,164880,194734,197563,124655,130689,1071069,107107,1178176,46800,0.4076,29.4
33.2,1,False,40,normal,1.1,22281,44654,103036,110139,125448,127586,86913,79850,699906,69991,769897,33900,0.4518,26.6
33.9,8,False,18,normal,1.25,31386,65816,113691,164265,154688,118094,85452,110842,844233,84423,928657,38200,0.422,28.4
37.7,11,True,27,normal,1.0,27381,47140,80470,118926,151577,107543,74023,75038,682097,68210,750307,35100,0.48,25.0
33.8,7,True,11,severe,1.15,34702,47259,96274,160186,170853,93688,109327,97083,809372,80937,890309,37200,0.4287,28.0
18.4,2,False,21,normal,1.0,15298,26222,41792,67540,66948,79954,48296,31707,377758,37776,415534,14200,0.3506,34.2
32.1,1,False,21,severe,1.15,23669,42336,79067,108151,116600,104699,79768,76894,631184,63118,694302,34900,0.5157,23.3
18.9,15,True,12,poor,1.1,11847,20501,53005,76034,75841,68746,48498,47684,402157,40216,442372,18700,0.4337,27.7
16.7,13,False,11,aging,1.5,16767,31438,50051,79782,87211,56865,53445,54329,429888,42989,472877,20600,0.447,26.8
34.7,12,True,34,poor,1.2,25309,55125,90819,128311,137501,89861,99215,100244,726385,72639,799024,29500,0.3788,31.7
30.4,5,False,40,poor,1.3,25540,43170,79365,120379,93393,88566,78658,84411,613482,61348,674830,29500,0.4485,26.8
35.8,13,True,6,poor,1.1,20946,38498,82971,136905,92372,118617,76169,85415,651893,65189,717082,33600,0.4807,25.0
39.6,12,True,13,aging,1.05,28158,57606,108285,145416,134707,140588,109609,104674,829043,82904,911947,39000,0.4388,27.3
32.9,11,True,31,normal,1.1,21446,49728,80383,132443,119806,96688,68358,66564,635416,63542,698958,32500,0.4771,25.2
44.7,4,False,32,normal,1.15,34738,57356,104705,154257,149114,100521,112267,84971,797928,79793,877721,44900,0.5249,22.9
47.3,4,False,20,poor,1.15,29691,71637,102526,139207,135505,144906,101239,96181,820892,82089,902981,40500,0.4602,26.1
32.2,7,True,49,aging,1.15,27058,46288,80433,121235,107438,100380,79424,92161,654416,65442,719858,29600,0.4219,28.4
42.4,1,False,50,aging,1.15,38486,62729,104527,177209,145557,130215,98289,97608,854619,85462,940081,38300,0.418,28.7
44.7,7,False,22,aging,1.25,35853,56519,120183,242255,209153,172322,152281,117455,1106022,110602,1216624,45000,0.3795,31.6
27.5,12,True,20,aging,1.05,16876,26073,52334,81254,93819,80481,62241,59439,472515,47252,519767,24200,0.4777,25.1
14.9,13,False,10,poor,1.5,17135,37339,58754,61909,89261,66058,52831,46274,429560,42956,472516,12900,0.2801,42.8
39.7,8,True,21,normal,1.0,25756,63388,111058,138701,188573,127476,95446,93541,843939,84394,928333,37900,0.4189,28.6
32.4,10,True,26,aging,1.05,26052,56641,90902,115403,117285,109237,80832,85463,681813,68181,749994,30300,0.4145,29.0
21.0,13,False,19,normal,1.5,23834,45553,83615,132877,107747,81441,76180,71051,622299,62230,684528,17000,0.2548,47.1
48.5,10,True,31,aging,1.15,36572,70641,109194,200392,182772,138925,121124,105785,965407,96541,1061947,46500,0.4493,26.7
39.2,12,False,40,aging,1.5,40998,75055,143907,188586,200882,184933,163893,104580,1102834,110283,1213117,35700,0.3019,39.7
39.9,10,True,42,normal,1.1,22525,49819,95394,133651,201982,138638,96052,105153,843214,84321,927535,32400,0.3584,33.5
45.0,11,True,21,aging,1.05,34001,75516,117078,153855,248592,134073,101308,114561,978984,97898,1076883,40900,0.3897,30.8
19.5,8,False,45,normal,1.35,17584,29759,60762,95199,90236,77613,58957,61005,491115,49112,540227,19900,0.3779,31.8
21.1,1,True,5,severe,1.15,12768,17208,45883,70994,48510,53308,37266,41367,327302,32730,360033,21800,0.6212,19.3
33.4,10,True,29,poor,1.1,23136,39486,87038,116529,123258,136185,80270,76204,682106,68211,750316,33300,0.4554,26.4
47.8,14,True,14,poor,1.1,35561,88866,156129,186971,251371,189061,158398,99631,1165988,116599,1282586,47600,0.3808,31.5
15.2,2,False,53,aging,1.15,9264,22969,40861,64925,61548,41129,37321,42165,320182,32018,352200,14500,0.4224,28.4
23.8,9,True,15,aging,1.05,14622,31485,54137,86247,82535,57002,57169,49529,432726,43273,475999,19800,0.4268,28.1
20.4,11,True,42,normal,1.1,17255,33689,56094,84552,96817,54200,55543,42041,440191,44019,484211,23500,0.4979,24.1
49.2,8,True,49,poor,1.2,56120,90631,167577,204774,245850,182342,143105,132865,1223263,122326,1345590,58400,0.4453,26.9
30.5,12,True,14,normal,1.0,22491,35161,65791,97218,124230,70333,65394,69654,550271,55027,605298,36000,0.6102,19.7
15.2,8,True,22,severe,1.15,12523,20909,37020,59472,51709,44916,40581,35141,302270,30227,332497,12200,0.3765,31.9
28.1,4,False,8,normal,1.05,18160,38798,65904,99070,126642,84062,67657,69476,569769,56977,626746,24200,0.3962,30.3
29.5,15,True,54,aging,1.15,21662,45759,92873,93146,124516,98878,63469,85089,625393,62539,687932,24100,0.3594,33.4
42.1,3,True,11,severe,1.15,30762,60063,116936,155364,122669,184915,114991,98330,884029,88403,972432,42800,0.4516,26.6
48.8,5,False,20,poor,1.2,48764,68328,157434,225883,258893,200699,140929,133190,1234121,123412,1357533,42600,0.322,37.3
40.4,14,True,22,normal,1.0,26966,58385,82632,126776,135488,130909,96828,84342,742326,74233,816559,43300,0.5441,22.1
40.6,10,False,12,normal,1.35,36985,79823,114805,193911,212643,165996,116436,106822,1027420,102742,1130162,36300,0.3295,36.4
16.3,4,False,23,normal,1.05,13002,22226,41060,54493,56036,44874,41301,39097,312090,31209,343299,12400,0.3706,32.4
35.1,12,True,54,normal,1.1,33050,43978,95107,133346,129638,90077,75522,94198,694915,69492,764407,33900,0.455,26.4
29.8,10,True,41,normal,1.1,24494,49506,73089,122650,101471,94490,82284,63956,611941,61194,673135,29300,0.4466,26.9
20.7,2,False,26,normal,1.0,13123,21407,41209,55320,75572,51329,42135,46753,346848,34685,381532,21400,0.5755,20.9
16.0,10,True,48,normal,1.1,13707,26483,43567,59142,78610,48985,44278,29116,343888,34389,378277,14000,0.3797,31.6
46.8,3,False,19,severe,1.15,34111,64466,125620,279061,219713,157104,99238,118881,1098194,109819,1208013,49200,0.4179,28.7
14.2,3,False,49,aging,1.15,10591,24935,31513,59737,62205,44461,35684,33362,302487,30249,332736,16000,0.4934,24.3
15.7,10,True,53,aging,1.15,12038,19814,37941,56011,64763,54645,41419,36058,322688,32269,354956,15800,0.4567,26.3
32.8,4,False,21,normal,1.05,26466,45089,89967,103244,102994,100683,69993,61809,600245,60024,660269,32900,0.5112,23.5
47.6,5,True,28,aging,1.05,30955,65560,106689,150794,153716,173582,97898,120144,899337,89934,989271,47100,0.4885,24.6
25.5,5,True,29,aging,1.05,18135,30712,76096,77186,81067,68084,71602,59004,481886,48189,530074,29800,0.5768,20.8
49.5,10,True,22,aging,1.05,37515,65467,111535,175316,164221,153313,113274,107621,928262,92826,1021089,55700,0.5597,21.4
36.0,7,True,40,normal,1.1,18252,48390,90487,121631,137677,114639,78791,74501,684368,68437,752805,43400,0.5915,20.3
26.9,14,True,47,poor,1.2,20090,35763,74660,101771,68332,110692,83732,64114,559153,55915,615068,25800,0.4304,27.9
15.2,7,False,15,severe,1.35,13605,25487,43220,62934,73551,64133,43159,44062,370151,37015,407166,14600,0.3679,32.6
40.3,4,True,17,normal,1.0,25391,53029,101183,131599,167401,116093,101857,134331,830885,83089,913974,47300,0.531,22.6
23.6,15,True,26,normal,1.0,13830,35784,60448,82545,68103,59638,50110,44042,414500,41450,455950,23500,0.5288,22.7
39.9,3,False,36,normal,1.1,24416,48243,92033,157943,144164,130649,109499,88886,795832,79583,875415,38700,0.4536,26.5
38.3,14,True,40,normal,1.1,28670,53332,108932,125763,124027,113529,90846,63245,708342,70834,779176,39400,0.5188,23.1
13.9,12,False,48,aging,1.5,13694,21755,49941,74618,70342,65714,43023,42142,381228,38123,419351,11700,0.2863,41.9
45.4,14,True,27,aging,1.05,29030,59563,115653,161796,182853,157511,95935,99082,901423,90142,991565,47300,0.4894,24.5
32.4,1,False,20,normal,1.0,25099,42690,74154,95309,97926,90720,78355,71477,575731,57573,633304,28800,0.4666,25.7
13.3,8,True,14,normal,1.0,6886,14895,26964,44456,42872,41318,23550,27538,228478,22848,251326,10600,0.4327,27.7
17.1,14,True,3,normal,1.0,12051,22983,41021,43621,74349,43036,35721,39423,312206,31221,343426,15300,0.4571,26.3
28.1,6,True,50,severe,1.25,20921,39551,72445,96968,96445,130294,83166,79278,619068,61907,680974,29500,0.4445,27.0
18.3,5,True,12,poor,1.1,12274,26032,39962,59163,65069,58484,42009,32364,335358,33536,368893,16900,0.47,25.5
13.4,10,False,35,severe,1.5,12450,21021,41897,65017,96294,42873,37636,39393,356580,35658,392238,13700,0.3584,33.5
41.2,1,False,41,aging,1.15,38646,55373,106726,145852,204906,118102,103715,99369,872690,87269,959959,40200,0.4297,27.9
20.1,4,False,42,poor,1.25,18325,25622,60147,89809,70758,71199,51861,47497,435218,43522,478739,16600,0.3558,33.7
16.2,4,True,33,aging,1.15,13316,19253,48970,69993,89917,53213,46958,44389,386009,38601,424610,16600,0.4011,29.9
29.4,9,False,45,poor,1.5,31428,50942,105748,150008,169678,167934,109111,99199,884047,88405,972452,25900,0.2733,43.9
26.4,13,True,53,poor,1.2,19266,42231,70598,108005,140588,91843,59710,72763,605004,60500,665505,26000,0.4008,29.9
17.6,7,True,44,severe,1.25,13391,19424,46212,67460,63088,61209,46948,40444,358176,35818,393993,17100,0.4453,26.9
21.9,13,True,7,normal,1.0,14535,26349,55920,61230,80731,59569,51188,41231,390754,39075,429829,16300,0.3891,30.8
49.3,11,True,49,severe,1.25,32919,82298,126676,160015,154177,132031,117499,131454,937067,93707,1030774,47100,0.4688,25.6
17.4,5,False,16,poor,1.2,14813,23475,48342,67020,58027,49488,40905,45840,347909,34791,382700,17800,0.4772,25.1
38.7,7,False,31,poor,1.4,33719,63149,101965,211534,169686,130235,114632,97204,922123,92212,1014336,41600,0.4208,28.5
32.9,8,True,38,poor,1.2,23415,43129,87353,122311,137699,128148,79407,79709,701171,70117,771288,27100,0.3605,33.3
14.5,2,False,16,normal,1.0,10323,16673,33599,51656,55604,37622,32149,33973,271598,27160,298758,15700,0.5392,22.3
21.8,1,False,24,normal,1.0,13008,30669,48416,59714,70429,67099,55146,45001,389483,38948,428432,21100,0.5053,23.7
33.7,12,True,31,normal,1.1,23400,54128,99418,126176,120296,98649,94131,86254,702452,70245,772697,30100,0.3997,30.0
24.5,2,False,50,normal,1.1,20113,27135,68673,78445,115072,83403,67930,61714,522485,52248,574733,21800,0.3892,30.8
19.4,10,True,41,aging,1.15,17676,32935,56472,91276,84313,63267,46807,46902,439649,43965,483614,19300,0.4095,29.3
13.2,3,True,19,aging,1.05,9119,18857,31895,40962,51144,53373,31638,31901,268888,26889,295777,14400,0.4995,24.0
42.3,2,True,38,poor,1.2,36188,82335,96991,158508,182887,130145,115746,134591,937391,93739,1031130,38000,0.3781,31.7
49.3,14,True,44,normal,1.1,35443,53711,107860,145097,138450,152434,111479,99497,843972,84397,928369,49000,0.5415,22.2
23.7,1,False,19,poor,1.1,16338,31347,66269,81286,94805,66851,61787,58583,477265,47726,524991,21500,0.4202,28.6
47.8,12,False,6,poor,1.5,50774,90407,168783,246684,223810,190437,192897,155860,1319652,131965,1451617,43800,0.3096,38.8
36.4,7,True,4,severe,1.15,39254,48779,100969,125438,114477,83088,93460,78690,684154,68415,752570,33300,0.454,26.4
48.1,4,True,30,normal,1.0,30192,66574,134609,182459,163294,140164,121020,111234,949548,94955,1044503,50100,0.4921,24.4
18.8,14,False,40,aging,1.5,21130,38022,77360,94412,121070,86204,72847,77291,588336,58834,647170,18300,0.2901,41.4
22.6,14,False,54,normal,1.5,19625,45069,85141,113362,101578,112558,79339,77217,633889,63389,697278,26500,0.3899,30.8
30.2,3,True,24,normal,1.0,16560,29178,57641,94012,89461,86782,69570,71907,515111,51511,566622,30800,0.5577,21.5
44.6,1,False,43,poor,1.2,38451,66070,124209,190335,142958,122246,85764,128614,898646,89865,988511,36600,0.3799,31.6
45.6,4,False,47,poor,1.25,30908,70733,145402,200861,170117,154672,118575,143313,1034581,103458,1138039,45600,0.4111,29.2
33.6,13,True,23,aging,1.05,24003,50299,100105,122422,145024,91725,90086,77023,700686,70069,770755,30700,0.4087,29.4
38.2,10,True,11,poor,1.1,23208,50616,120930,136082,151560,147880,92538,92248,815063,81506,896569,30800,0.3525,34.0
40.4,5,False,3,aging,1.15,32933,73074,111362,144138,150439,139052,91983,81119,824100,82410,906510,37100,0.4199,28.6
18.4,15,True,29,severe,1.15,15627,30060,43133,51804,74154,50096,42867,50913,358654,35865,394520,21200,0.5513,21.8
38.4,10,True,4,aging,1.05,29682,49242,113360,106441,144067,100843,90571,68512,702718,70272,772990,35300,0.4685,25.6
34.1,1,False,50,poor,1.2,29236,59919,105134,161742,205071,124511,87177,83332,856122,85612,941734,31600,0.3443,34.9
34.8,13,True,27,aging,1.05,25685,60621,98129,156377,101871,94476,87041,93861,718061,71806,789867,35200,0.4572,26.2
24.0,15,True,10,severe,1.15,19001,29851,52231,66340,110529,66816,51206,66244,462217,46222,508439,21900,0.4419,27.2
27.2,12,False,54,severe,1.5,26658,43589,86773,99500,160130,100017,104423,64966,686057,68606,754663,22800,0.31,38.7
43.4,14,False,54,poor,1.5,42321,106526,162225,281349,201820,211383,168363,117516,1291502,129150,1420652,42300,0.3055,39.3
45.2,4,False,6,severe,1.2,44241,84119,120362,160493,171006,202468,118478,92514,993682,99368,1093051,46600,0.4374,27.4
21.7,14,True,32,severe,1.25,16969,35808,60418,80970,88828,76467,55059,49909,464428,46443,510871,23100,0.4639,25.9
49.4,1,False,36,normal,1.1,33739,63040,133684,209648,184610,159337,130428,114756,1029241,102924,1132165,52800,0.4785,25.1
37.4,3,False,37,aging,1.15,24035,44598,120669,135109,99789,155946,94891,90607,765643,76564,842208,30200,0.3679,32.6
39.0,6,True,17,aging,1.05,27978,60304,102739,197983,155645,113737,103920,75652,837958,83796,921754,36800,0.4096,29.3
31.4,3,False,52,normal,1.1,20049,36673,96431,99006,114663,96953,78660,69795,612231,61223,673454,26600,0.4052,29.6
32.6,1,False,36,aging,1.15,18089,56996,81950,114186,116393,109968,85935,82443,665961,66596,732557,29200,0.409,29.3
39.3,12,True,5,normal,1.0,25529,54921,94331,129983,154414,127592,83913,87657,758339,75834,834173,34700,0.4268,28.1
34.6,14,True,40,poor,1.2,20863,38916,81802,120905,139604,97336,72539,83452,655417,65542,720958,26700,0.38,31.6
40.1,5,False,53,severe,1.35,29993,75940,131677,180235,219638,123097,120284,111794,992659,99266,1091925,37900,0.3561,33.7
42.0,7,False,34,aging,1.35,32112,59744,116664,175325,196506,174426,111976,123042,989793,98979,1088773,38800,0.3656,32.8
45.9,6,True,19,aging,1.05,30416,68670,101292,119612,220445,132719,92684,81075,846914,84691,931605,44000,0.4846,24.8
35.1,13,True,3,normal,1.0,27414,38492,91955,109736,122966,90500,100074,84840,665978,66598,732575,38200,0.535,22.4
34.6,13,True,14,aging,1.05,22444,42288,93963,108415,101553,91891,80668,95693,636916,63692,700607,24900,0.3646,32.9
13.5,1,False,50,aging,1.15,9572,19969,33723,52951,53425,36120,42709,32426,280895,28089,308984,15300,0.508,23.6
37.9,7,True,28,poor,1.1,27941,47689,99714,137460,155557,140779,94178,98810,802128,80213,882341,38000,0.4419,27.2
36.4,14,True,8,poor,1.1,26678,52006,94379,129338,105517,135806,67183,79277,690183,69018,759202,41000,0.5541,21.7
42.1,8,True,16,normal,1.0,24275,54957,81168,127235,110183,133955,78305,108366,718444,71844,790288,37400,0.4855,24.7
42.9,7,True,6,severe,1.15,27627,61710,103183,144029,164400,116421,113605,91604,822579,82258,904836,38100,0.432,27.8
22.8,12,False,19,poor,1.5,23634,39524,64241,105298,145185,82274,70118,63430,593704,59370,653075,23200,0.3645,32.9
37.7,1,False,27,normal,1.0,33245,60363,92939,142812,128937,98382,96093,92401,745172,74517,819689,41700,0.522,23.0
23.6,3,True,27,severe,1.15,19991,36686,64528,77984,108412,97517,61266,72340,538725,53872,592597,22300,0.3861,31.1
21.5,10,True,45,normal,1.1,17080,26367,55922,66382,79032,57710,51410,41373,395275,39528,434803,25200,0.5946,20.2
13.8,13,True,54,poor,1.2,10546,20698,37578,47136,62575,72084,40369,37181,328167,32817,360983,12400,0.3524,34.0
34.1,6,True,14,normal,1.0,19335,45273,88654,94112,115092,83935,76948,58033,581381,58138,639519,31600,0.507,23.7
30.9,1,True,54,normal,1.1,20351,45631,85303,152519,151632,127365,69712,67698,720211,72021,792232,28300,0.3665,32.7
31.7,5,False,19,aging,1.15,19893,40239,65831,113969,105747,85301,76920,59477,567378,56738,624115,30200,0.4965,24.2
18.6,14,True,23,severe,1.15,15192,27185,45173,76920,93735,62498,45534,53688,419926,41993,461919,18100,0.402,29.8
25.9,11,True,5,aging,1.05,17991,37189,61911,94565,86454,100148,69127,59168,526552,52655,579208,22400,0.3968,30.2
21.2,13,True,46,normal,1.1,14230,28407,55385,76595,99176,60604,50143,47694,432235,43224,475459,21600,0.4661,25.7
48.9,10,True,10,normal,1.0,31747,46297,91811,139458,169627,130575,113399,110072,832987,83299,916285,43500,0.4871,24.6
49.6,4,False,35,normal,1.15,38566,74159,125182,207686,211443,187809,133754,123182,1101781,110178,1211959,48600,0.4114,29.2
33.8,2,False,28,normal,1.0,16811,38847,59343,115681,113741,111992,95929,73642,625988,62599,688586,33800,0.5036,23.8
18.6,7,True,17,normal,1.0,13592,20578,48626,52662,55681,40329,45629,40158,317255,31726,348981,14000,0.4116,29.2
43.3,1,False,36,normal,1.1,34925,64566,117835,170504,157713,145792,102777,109918,904029,90403,994432,43900,0.4529,26.5
26.8,7,True,33,poor,1.2,18655,45280,64327,105806,118992,88248,72250,62489,576047,57605,633652,28500,0.4615,26.0
39.5,8,True,49,aging,1.15,36640,56218,119141,159458,156417,126566,107533,124271,886246,88625,974871,34800,0.3663,32.8
12.9,15,True,8,normal,1.0,7595,17662,35732,31774,48816,33210,28412,33898,237099,23710,260809,10900,0.4288,28.0
29.3,7,False,51,severe,1.45,31221,58732,86656,109005,143661,130831,95261,80530,735896,73590,809486,23200,0.2941,40.8
16.5,7,True,54,poor,1.2,15640,22935,51385,61006,73957,74824,51370,55095,406212,40621,446833,17700,0.4064,29.5
47.6,4,False,22,severe,1.2,31647,74812,113504,163835,154858,180000,105865,116688,941211,94121,1035332,57600,0.5708,21.0
45.1,7,False,20,normal,1.2,39233,68749,123756,134483,182448,167315,143506,104320,963809,96381,1060190,44300,0.4287,28.0
25.8,1,False,26,severe,1.15,21148,24482,56486,103902,126129,72759,77567,64124,546598,54660,601258,22400,0.3822,31.4
19.2,3,False,40,severe,1.25,14908,31036,54718,77068,105276,68488,44627,54148,450269,45027,495296,18400,0.3812,31.5
16.5,7,True,11,aging,1.05,10833,22313,32905,66100,46609,39838,35147,29459,283205,28321,311526,21200,0.6982,17.2
21.5,14,True,30,poor,1.1,17140,43948,59834,76177,101459,90459,65057,63511,517585,51758,569343,25400,0.4577,26.2
25.7,13,True,11,aging,1.05,17162,31560,59903,77439,117585,73899,59543,60436,497528,49753,547281,23000,0.4312,27.8
16.0,9,True,4,aging,1.05,12773,20131,36351,49019,69381,53241,44453,36557,321907,32191,354098,14600,0.423,28.4
23.4,3,False,34,aging,1.15,16157,31474,45399,94121,91024,84321,56694,50485,469674,46967,516641,24700,0.4905,24.5
16.0,9,True,36,normal,1.1,10036,24043,44118,66929,66575,55140,35737,38093,340670,34067,374737,13900,0.3806,31.5
25.6,3,False,45,normal,1.1,20221,37603,57441,84415,96490,56956,47511,50797,451433,45143,496577,22900,0.4731,25.4
49.9,14,True,33,normal,1.1,38420,63143,125974,154542,146730,137192,125218,100235,891455,89145,980600,52800,0.5524,21.7
19.8,5,False,52,aging,1.25,15323,26882,56226,71847,80828,52701,58656,50112,412575,41258,453833,18700,0.4228,28.4
15.4,3,True,47,normal,1.1,9811,16347,35890,52179,48362,33587,27941,27445,251561,25156,276717,14400,0.5339,22.5
27.4,3,False,34,normal,1.1,22172,34047,60377,88108,87133,93639,57166,56605,499248,49925,549173,25500,0.4764,25.2
19.6,6,True,16,aging,1.05,14185,22804,40332,70248,61212,51910,41167,46423,348280,34828,383108,18300,0.4901,24.5
18.9,8,True,47,severe,1.25,9993,25449,49609,93197,66160,69927,50991,48338,413664,41366,455030,18600,0.4194,28.6
20.6,9,True,4,normal,1.0,15270,25520,48838,79155,90382,66294,46756,63996,436213,43621,479834,21100,0.4512,26.6
21.0,14,True,5,poor,1.1,16352,28261,57224,87787,96255,98948,52240,64890,501957,50196,552153,20500,0.3809,31.5
49.8,1,False,46,normal,1.1,39832,63592,122484,179492,172988,184826,121726,126871,1011812,101181,1112993,39300,0.3623,33.1
42.9,1,False,24,poor,1.1,31525,70012,85530,150690,154402,148428,114644,107629,862860,86286,949146,46600,0.5037,23.8
15.1,7,False,54,aging,1.35,13105,24389,42557,87282,61560,59655,40000,42626,371175,37117,408292,17600,0.4423,27.1
42.6,9,True,6,poor,1.1,25207,41242,91788,168526,192508,131566,77655,88669,817160,81716,898876,40800,0.4657,25.8
39.5,15,True,33,poor,1.2,24615,55011,98569,158132,168692,122249,89448,97370,814085,81408,895493,37100,0.4251,28.2
45.3,4,False,19,poor,1.15,32008,74784,159225,165143,213126,151992,102684,106050,1005012,100501,1105513,46200,0.4288,28.0
43.1,15,True,18,normal,1.0,27695,43806,95300,139009,154152,129079,81312,91229,761581,76158,837739,47500,0.5817,20.6
22.5,5,False,34,poor,1.3,20175,34906,68381,87643,84007,80026,59111,72582,506831,50683,557515,20200,0.3717,32.3
37.6,14,True,47,normal,1.1,23373,57579,112903,121283,144159,126964,87282,93790,767334,76733,844067,37000,0.4498,26.7
46.4,12,True,39,normal,1.1,29640,67869,106893,147121,181605,118803,106707,121165,879803,87980,967783,31300,0.3318,36.2
17.5,9,True,11,poor,1.1,13409,25948,39833,53159,48570,53543,38722,48173,321357,32136,353492,17800,0.5166,23.2
17.8,7,False,11,normal,1.2,14915,28885,51998,78025,68933,65373,47398,55236,410762,41076,451839,15600,0.3542,33.9
40.6,9,True,21,poor,1.1,35656,61705,101494,162227,161515,132837,102475,92518,850427,85043,935469,36100,0.3959,30.3
49.0,15,True,40,normal,1.1,31979,62238,111555,152473,185768,122754,116512,109085,892363,89236,981600,49700,0.5195,23.1
33.6,12,True,53,poor,1.2,32085,51049,98634,120462,106299,103624,91000,77497,680649,68065,748714,28000,0.3837,31.3
27.2,14,False,31,normal,1.5,26350,53643,89058,119537,134231,134133,86210,81505,724667,72467,797134,26400,0.3398,35.3
47.7,10,True,21,aging,1.05,36856,60350,94330,165774,160174,161872,99932,120797,900086,90009,990094,41800,0.4332,27.7
36.0,7,True,50,poor,1.2,33153,54998,112419,118629,162820,95654,79616,92045,749334,74933,824267,36200,0.4506,26.6
28.2,4,False,9,normal,1.05,18684,32559,73753,103601,104938,109332,53270,55351,551488,55149,606637,31000,0.5243,22.9
47.5,3,False,18,poor,1.1,34032,70630,108979,145981,194093,175696,122686,111690,963786,96379,1060165,53600,0.5187,23.1
47.9,7,True,20,poor,1.1,29029,72711,121717,230563,165126,183149,115472,105197,1022963,102296,1125259,45900,0.4185,28.7
39.9,10,True,33,aging,1.15,29153,47069,113257,124616,195512,130654,89920,90632,820812,82081,902893,41100,0.467,25.7
45.1,15,True,11,normal,1.0,33154,63326,87028,138433,235423,140777,99777,103582,901500,90150,991650,44900,0.4646,25.8
16.5,12,False,4,normal,1.45,17172,38356,59147,77694,77568,78284,47356,46501,442078,44208,486285,16900,0.3566,33.7
43.9,14,True,17,aging,1.05,30034,67143,121132,131684,151982,128065,95910,110969,836919,83692,920611,36400,0.4057,29.6
17.7,14,False,34,poor,1.5,18885,36065,68350,89533,107790,91894,57108,50301,519925,51992,571917,19500,0.3498,34.3
28.2,5,False,42,aging,1.25,35523,43363,84835,116401,160751,104269,94308,91143,730593,73059,803652,29000,0.3702,32.4
17.7,5,True,46,normal,1.1,11617,22013,40089,61807,88814,63216,49261,43310,380128,38013,418141,16800,0.4122,29.1
40.9,8,True,23,normal,1.0,27748,43020,102271,129375,135530,120699,78332,79530,716505,71651,788156,45700,0.5949,20.2
16.2,6,True,13,poor,1.1,10700,20003,37192,64355,67248,44195,36103,34604,314401,31440,345841,20500,0.6082,19.7
48.4,10,False,27,normal,1.35,54654,79179,164915,207615,249765,189087,158371,139875,1243460,124346,1367806,45100,0.3383,35.5
34.1,1,False,21,aging,1.05,19846,34184,71512,119173,97318,86746,71781,71827,572387,57239,629625,31600,0.5149,23.3
28.5,3,False,25,normal,1.0,18614,29645,52476,72837,108188,71096,67308,52306,472471,47247,519718,29300,0.5784,20.7
41.6,8,True,12,normal,1.0,27776,50903,92370,161218,123456,111865,99929,131196,798712,79871,878584,35700,0.4169,28.8
27.9,7,True,7,normal,1.0,15508,33466,64593,96944,92455,85353,80601,62242,531162,53116,584278,25700,0.4513,26.6
30.6,9,True,12,normal,1.0,23688,34944,68343,89460,137698,111641,67707,67016,600498,60050,660548,29100,0.452,26.5
14.4,3,False,24,normal,1.0,8890,17373,31816,46842,57746,43941,30027,34476,271111,27111,298222,11500,0.3956,30.3
35.5,10,True,25,aging,1.05,20264,51119,91401,101891,115938,91084,86807,83335,641839,64184,706023,38600,0.5609,21.4
46.3,4,False,16,normal,1.05,39299,53728,131098,170789,158270,154269,117149,113023,937625,93763,1031388,50200,0.4994,24.0
26.1,6,True,17,aging,1.05,16893,33652,77340,83342,100256,89222,63018,54749,518472,51847,570320,26200,0.4713,25.5
39.2,9,False,18,aging,1.35,39301,54714,118017,172368,186095,171617,109332,102790,954234,95423,1049658,32800,0.3206,37.4
39.0,9,False,48,normal,1.4,28359,60532,134702,204387,151665,186139,134899,123883,1024566,102457,1127023,43700,0.3978,30.2
49.2,8,True,23,normal,1.0,25914,40494,107955,168621,123615,133811,128985,112820,842213,84221,926435,37600,0.4164,28.8
28.2,12,True,13,aging,1.05,22823,43744,79502,91301,99254,90042,68371,54784,549820,54982,604802,29600,0.5021,23.9
24.0,11,True,43,aging,1.15,17289,39326,64203,76644,106269,81263,51755,47155,483906,48391,532296,20600,0.3971,30.2
40.3,6,False,9,normal,1.15,28500,69833,130235,145969,152145,132639,118725,94084,872131,87213,959344,36600,0.3914,30.7
17.8,9,False,50,poor,1.5,21010,30912,59367,100251,70006,71199,62183,73196,488124,48812,536936,19300,0.3688,32.5
41.0,7,False,24,normal,1.2,28249,60849,122394,191438,181144,174179,121707,111361,991321,99132,1090453,35800,0.3368,35.6
47.9,12,False,53,aging,1.5,43060,69002,190069,214764,304339,290705,155846,158176,1425960,142596,1568556,48600,0.3179,37.7
21.5,4,False,39,aging,1.2,14375,27079,51606,83548,77776,67198,51875,51982,425439,42544,467982,20600,0.4516,26.6
28.6,5,False,34,poor,1.3,26926,45526,105985,139466,117916,114393,96759,93409,740379,74038,814417,33800,0.4258,28.2
28.7,8,True,28,aging,1.05,20654,31499,66392,115348,176276,86659,63856,63241,623925,62392,686317,23200,0.3468,34.6
27.4,12,True,43,poor,1.2,21378,42003,90393,122989,153813,102187,79437,80717,692917,69292,762209,29100,0.3917,30.6
32.5,10,False,50,poor,1.5,32191,50134,111005,185483,173747,153167,116977,88759,911461,91146,1002607,33700,0.3449,34.8
21.0,11,True,20,aging,1.05,17108,32898,46627,75459,79382,60339,59808,56424,428044,42804,470848,16100,0.3508,34.2
26.1,7,True,48,aging,1.15,25060,35864,67525,102436,88066,108483,60160,72864,560458,56046,616504,21500,0.3578,33.5
14.4,7,True,9,poor,1.1,11341,21820,44044,54524,66160,55194,39399,46835,339319,33932,373251,12500,0.3436,34.9
35.4,3,False,50,aging,1.15,24683,44527,83721,133796,153906,134012,101576,74457,750678,75068,825746,33700,0.4187,28.7
47.1,11,True,32,severe,1.25,31268,74245,134685,162889,159466,137129,120354,142265,962301,96230,1058531,45600,0.442,27.2
37.2,8,True,9,normal,1.0,23874,41480,77427,108292,113491,97093,51870,71498,585027,58503,643529,36200,0.5771,20.8
35.9,13,False,51,severe,1.5,37541,78919,113669,185458,202334,163540,140188,126020,1047670,104767,1152437,30600,0.2724,44.0
28.1,12,True,45,aging,1.15,19584,33581,74834,103449,158802,87100,70401,72012,619761,61976,681738,25500,0.3838,31.3
36.9,10,True,13,aging,1.05,25373,43304,89192,110688,136185,85748,85878,62878,639246,63925,703170,41600,0.607,19.8
24.1,7,True,48,poor,1.2,19738,30733,77971,113566,88889,104572,74140,63342,572950,57295,630245,24700,0.4021,29.8
39.4,8,False,23,normal,1.25,35904,62764,110980,149182,158152,176393,99634,93141,886152,88615,974768,37300,0.3926,30.6
32.2,7,False,8,aging,1.25,23979,55186,90166,153674,158850,126087,117461,114573,839975,83997,923972,34100,0.3787,31.7
38.9,7,True,26,poor,1.1,25815,44248,111497,155588,144796,130565,99666,99335,811510,81151,892661,32400,0.3724,32.2
47.8,4,False,30,normal,1.05,35955,78071,120609,175793,152304,143188,110161,100182,916263,91626,1007889,40400,0.4113,29.2
21.0,5,False,38,normal,1.2,15367,27420,58644,76913,104828,94485,65851,54719,498226,49823,548049,18700,0.3501,34.3
25.2,12,True,36,normal,1.1,20553,35939,48231,102050,117831,77096,61096,60595,523389,52339,575728,22400,0.3992,30.1
30.5,6,True,45,poor,1.2,23367,41944,86906,110595,95932,85810,75277,65351,585183,58518,643701,34500,0.5499,21.8
17.6,8,True,12,poor,1.1,15881,23218,42948,51547,69584,63740,42041,34611,343568,34357,377925,19000,0.5158,23.3
45.0,11,True,5,poor,1.1,30933,58637,128863,183164,193507,147398,99028,100769,942299,94230,1036529,34600,0.3425,35.0
32.8,15,False,19,normal,1.5,33707,79706,151063,148366,159811,184607,97713,102613,957586,95759,1053345,33800,0.3292,36.4
30.7,9,False,32,normal,1.4,27021,46742,97590,101148,178207,159352,77957,76186,764202,76420,840622,32100,0.3918,30.6
37.5,11,False,22,normal,1.4,32509,74309,132174,182466,169346,175033,108818,123055,997709,99771,1097480,34900,0.3263,36.8
28.6,5,True,43,aging,1.15,23890,44518,77096,131736,95146,96585,84073,63891,616935,61693,678628,25300,0.3825,31.4
30.5,9,True,16,normal,1.0,18519,35513,58723,98793,111974,82899,72741,60895,540058,54006,594064,32200,0.5561,21.6
27.2,1,False,46,normal,1.1,14937,34074,62504,99981,115657,82490,59632,59903,529177,52918,582094,22000,0.3878,30.9
18.1,11,False,33,poor,1.5,20944,38515,69308,88659,100076,90600,70314,56953,535369,53537,588906,20200,0.3519,34.1
47.2,2,False,45,severe,1.25,36622,63111,125906,220112,168986,159068,129022,133861,1036688,103669,1140357,41100,0.3698,32.5
48.2,15,True,35,severe,1.25,47313,77089,148590,175167,241160,195955,129322,168239,1182834,118283,1301117,51500,0.4061,29.5
34.3,15,True,9,poor,1.1,22681,56829,91795,105459,147501,133077,81186,97060,735588,73559,809146,31300,0.3969,30.2
28.7,1,False,44,normal,1.1,23771,41245,69500,99401,106556,86021,75391,82449,584334,58433,642768,24700,0.3943,30.4
12.1,11,False,16,normal,1.4,11576,19529,32599,52618,64162,49369,33452,39021,302326,30233,332559,10700,0.3301,36.4
31.4,11,True,4,poor,1.1,24398,39171,84127,108497,123742,79338,70210,71285,600767,60077,660844,29600,0.4596,26.1
41.7,14,False,38,severe,1.5,36331,75125,132148,160436,217538,170798,136244,132253,1060873,106087,1166960,31200,0.2743,43.7
46.6,5,False,51,poor,1.3,47271,82239,119450,189106,198918,185651,128123,106709,1057467,105747,1163214,43000,0.3793,31.6
35.2,9,True,7,aging,1.05,27090,50487,85525,141199,157933,137713,79290,85009,764246,76425,840670,34200,0.4174,28.7
39.1,6,False,49,normal,1.25,30839,67003,132708,157410,204752,147973,98216,90034,928936,92894,1021830,40900,0.4107,29.2
34.9,1,False,4,normal,1.0,26245,42212,83167,112334,111386,82417,91130,82001,630891,63089,693980,30900,0.4568,26.3
46.2,15,True,54,poor,1.2,41685,84132,169960,187686,151391,141384,138078,129171,1043488,104349,1147836,35700,0.3191,37.6
46.2,5,False,3,normal,1.1,34960,63824,97946,201237,163938,147381,112539,124000,945826,94583,1040408,39100,0.3856,31.1
25.2,5,False,44,normal,1.2,16805,38213,64957,100015,102872,72102,80786,59959,535709,53571,589279,26600,0.4631,25.9
25.4,7,True,25,normal,1.0,19068,39301,54902,72108,104309,64122,57368,57679,468856,46886,515741,28000,0.557,21.5
28.1,14,False,52,poor,1.5,26770,60010,99215,153922,153359,131714,97412,82107,804508,80451,884959,28400,0.3293,36.4
27.4,5,False,53,aging,1.25,31232,55253,83904,98571,137798,115676,82774,109595,714802,71480,786283,26600,0.3471,34.6
25.9,15,False,13,poor,1.5,27693,53283,81523,98607,100340,101440,90731,70085,623702,62370,686073,21100,0.3155,38.0
13.1,6,True,10,poor,1.1,7943,18603,27319,46580,39434,37188,31738,26288,235094,23509,258603,14500,0.5753,20.9
46.0,8,False,15,normal,1.25,50955,48307,127564,187746,193433,169627,116493,117212,1011336,101134,1112470,49000,0.4519,26.6
49.2,4,True,54,aging,1.15,32557,71564,118234,180687,181069,198367,115769,132619,1030866,103087,1133952,47600,0.4307,27.9
15.1,8,True,54,aging,1.15,9412,25525,41078,65000,53186,59156,36381,34129,323867,32387,356254,15000,0.432,27.8
25.0,5,False,30,normal,1.1,16151,31264,63849,84210,67448,81460,49826,61620,455828,45583,501411,21400,0.4379,27.4
22.5,14,True,45,aging,1.15,18308,30724,54758,114779,103599,69405,51457,49732,492763,49276,542040,21500,0.407,29.5
36.4,15,True,26,normal,1.0,19898,40381,81363,120378,151026,76564,82626,87696,659931,65993,725924,30400,0.4297,27.9
31.1,7,True,22,normal,1.0,23248,42335,92058,111776,108541,82674,77724,61263,599619,59962,659581,26300,0.4091,29.3
17.9,14,False,45,normal,1.5,18876,24233,55967,65726,97736,67092,64029,55204,448863,44886,493749,17700,0.3678,32.6
15.2,4,True,26,poor,1.1,10472,23092,37537,62881,61791,47209,46643,37799,327425,32742,360167,12000,0.3418,35.1
38.5,4,False,27,aging,1.1,32625,48663,109255,152330,130127,159010,114202,88128,834341,83434,917775,42400,0.474,25.3
31.4,3,True,37,poor,1.2,26362,43801,71352,106621,117285,101318,82385,59090,608214,60821,669036,28800,0.4417,27.2
36.5,9,True,31,aging,1.15,28758,55462,91872,154924,161010,101166,90337,74013,757542,75754,833297,30700,0.378,31.7
31.6,5,False,20,aging,1.15,26797,44568,99605,111229,113449,98412,78033,64896,636989,63699,700688,31800,0.4656,25.8
33.7,9,True,31,aging,1.15,22978,58462,91578,133935,131302,111243,91229,108290,749017,74902,823919,35300,0.4396,27.3
27.3,12,True,18,poor,1.1,17878,42455,65352,86254,113840,77245,71505,83369,557897,55790,613687,32600,0.545,22.0
32.3,14,True,16,poor,1.1,23268,40862,66818,102551,118770,119787,65536,74714,612306,61231,673537,37300,0.5682,21.1
22.2,15,True,10,poor,1.1,15700,34459,47673,79955,114220,81741,56122,66272,496142,49614,545756,20300,0.3816,31.4
40.9,7,False,53,normal,1.3,39057,77514,156626,167226,192306,197911,123420,119542,1073603,107360,1180964,44300,0.3849,31.2
12.8,12,True,42,aging,1.15,7470,19517,32021,35108,36231,32507,29278,25069,217200,21720,238920,14100,0.6055,19.8
49.3,12,False,10,aging,1.5,55962,87544,169669,188353,229110,231996,207239,158746,1328620,132862,1461482,47300,0.3321,36.1
49.6,15,True,6,poor,1.1,36757,59796,132629,196476,242747,137809,130630,87907,1024752,102475,1127227,53000,0.4824,24.9
26.1,5,True,15,poor,1.1,24829,42158,69839,132859,106080,72963,63981,80724,593433,59343,652776,24700,0.3882,30.9
22.0,14,True,18,poor,1.1,13731,24592,46950,79142,75491,65206,52574,49071,406757,40676,447433,21000,0.4815,24.9
31.7,8,True,19,normal,1.0,23172,37685,65666,129185,76721,100905,68094,62962,564390,56439,620829,29200,0.4826,24.9
12.2,1,True,49,aging,1.15,8496,20289,34890,52389,55591,49977,40270,22817,284719,28472,313191,12400,0.4062,29.5
31.2,13,True,6,normal,1.0,20997,40208,83211,100117,112703,116718,72956,62700,609610,60961,670571,34700,0.5309,22.6
40.5,14,True,28,poor,1.1,32814,60407,107092,181625,166581,188775,83000,105445,925739,92574,1018313,42000,0.4232,28.4
28.7,1,False,8,normal,1.0,22087,39858,74248,82451,113430,85798,70936,58026,546834,54683,601518,23600,0.4025,29.8
15.7,15,True,45,severe,1.25,12922,23231,44364,67662,51294,54884,37717,51514,343589,34359,377948,14500,0.3936,30.5
25.0,13,True,36,normal,1.1,20027,36502,72435,91130,113815,87700,55204,54000,530814,53081,583895,23500,0.4129,29.1
25.8,13,True,23,normal,1.0,17077,28719,73105,90917,101852,81783,59448,53905,506805,50681,557486,28100,0.5172,23.2
47.9,2,False,10,aging,1.05,24141,56428,95541,164315,120501,183862,88617,119578,852983,85298,938282,46900,0.5128,23.4
45.7,11,True,11,aging,1.05,29655,54201,128437,130208,178027,132593,106584,101295,861000,86100,947100,39900,0.4322,27.8
22.0,9,False,15,normal,1.3,22409,38806,72370,108161,86656,80939,70096,49514,528952,52895,581847,24200,0.4267,28.1
15.0,1,True,43,severe,1.25,13737,23090,39686,42079,56986,44734,31740,38653,290705,29071,319776,17300,0.5551,21.6
22.2,4,False,33,normal,1.15,16364,26442,59113,68011,94418,65268,59387,60492,449495,44950,494445,20000,0.415,28.9
37.3,14,True,13,poor,1.1,22238,42744,93045,159698,146005,105609,82170,67314,718824,71882,790707,35400,0.4593,26.1
34.8,10,True,18,aging,1.05,23940,51652,84665,108576,143825,87493,84109,79784,664044,66404,730448,34400,0.4832,24.8
40.6,3,False,41,severe,1.25,32115,58585,107172,156866,205232,158634,139584,92576,950764,95076,1045841,35800,0.3512,34.2
49.6,2,False,14,severe,1.15,44724,71294,137722,189907,255596,160344,134222,125543,1119351,111935,1231287,48600,0.405,29.6
44.6,6,True,19,poor,1.1,39920,83119,163037,171097,177138,186037,143396,112866,1076609,107661,1184270,43100,0.3734,32.1
47.2,10,True,32,poor,1.2,45847,57175,152671,192424,220276,195652,132137,147192,1143374,114337,1257711,46600,0.3801,31.6
20.6,5,False,49,normal,1.2,15694,27684,57824,97911,114348,90168,45753,66521,515901,51590,567491,19900,0.3598,33.4
32.4,8,True,32,normal,1.1,29181,40739,88939,134522,146225,117203,84205,83292,724306,72431,796737,29600,0.3812,31.5
47.3,12,True,50,normal,1.1,30176,70729,134158,203816,173446,145730,121789,112820,992664,99266,1091931,37600,0.3533,34.0
45.2,5,True,37,normal,1.1,34111,55704,122370,165353,172175,113251,131110,100247,894322,89432,983754,33800,0.3525,34.0
23.7,4,False,41,poor,1.25,21406,36817,71412,123624,93254,99495,79726,63838,589572,58957,648529,27700,0.4382,27.4
16.9,4,False,13,poor,1.15,9861,26040,46767,63747,51598,60710,49310,42866,350898,35090,385988,14900,0.3961,30.3
39.9,11,True,17,poor,1.1,28276,50833,93187,163822,182456,139808,103537,80008,841927,84193,926120,37300,0.4132,29.0
43.6,2,True,8,normal,1.0,36070,49050,157033,196505,163703,112156,118041,92171,924728,92473,1017201,46200,0.466,25.8
35.2,5,False,13,normal,1.1,21276,55193,87998,141300,125753,113106,75391,95909,715927,71593,787520,35700,0.4651,25.8
39.3,4,False,8,normal,1.05,30907,44817,92530,123253,125458,117401,84516,78767,697649,69765,767414,39500,0.5281,22.7
15.4,3,True,51,aging,1.15,12113,28124,44837,59594,64957,58851,45323,34668,348467,34847,383314,16800,0.4497,26.7
34.9,13,True,34,normal,1.1,29738,55613,112758,159071,134851,94043,84643,90729,761446,76145,837591,31100,0.381,31.5
39.2,2,False,53,aging,1.15,31325,54490,108591,126587,141217,130671,110683,71755,775321,77532,852853,36300,0.4367,27.5
37.4,10,False,43,normal,1.45,33400,68754,112956,185413,202598,146162,103122,95222,947627,94763,1042390,30900,0.3041,39.5
29.9,8,False,28,normal,1.25,19799,51633,90375,122053,136930,121748,79644,76046,698228,69823,768051,30200,0.4034,29.7
24.2,6,False,6,normal,1.15,16899,35193,71928,89407,99931,85087,67625,57872,523943,52394,576337,22000,0.3916,30.6
48.3,9,True,12,normal,1.0,34668,72299,99307,178939,182187,123983,94966,94002,880351,88035,968387,54700,0.5795,20.7
19.4,11,True,31,aging,1.15,12115,23246,45570,62511,84971,73793,47924,50294,400424,40042,440467,18000,0.4193,28.6
38.0,1,True,8,aging,1.05,22422,51108,82387,116422,118628,141206,82940,80996,696109,69611,765720,38400,0.5145,23.3
49.5,1,False,44,normal,1.1,36954,59681,116499,170439,166178,113631,118022,102733,884136,88414,972550,45800,0.4832,24.8
41.7,1,True,25,aging,1.05,30099,47706,108947,131069,171391,152541,93146,104691,839590,83959,923549,35300,0.3922,30.6
35.5,1,False,3,severe,1.15,23278,51560,109932,137182,122859,119267,82504,86584,733165,73317,806482,30400,0.3867,31.0
22.9,4,False,46,normal,1.15,16090,30805,67653,94313,87865,59755,65814,57050,479346,47935,527280,19800,0.3853,31.1
32.7,5,False,18,poor,1.2,25557,56155,83092,120005,120358,100934,94416,84691,685207,68521,753727,31000,0.422,28.4
27.6,10,True,46,aging,1.15,28359,40188,79547,132548,135298,83137,82620,76372,658069,65807,723876,24500,0.3473,34.6
20.8,2,True,39,poor,1.2,17278,28993,52483,88192,77053,71769,52672,52188,440628,44063,484690,18400,0.3895,30.8
24.5,11,True,15,normal,1.0,14809,26728,44509,90944,75707,59927,57004,49434,419062,41906,460969,21600,0.4808,25.0
36.7,9,True,20,severe,1.15,28184,48344,91565,147972,180435,124088,88307,85397,794291,79429,873720,35900,0.4216,28.5
23.8,3,True,13,aging,1.05,19560,36092,63060,99883,95712,67219,60581,50374,492482,49248,541730,25500,0.483,24.8
42.9,12,True,45,normal,1.1,30400,64695,148037,157476,153685,198108,111240,110810,974450,97445,1071895,43300,0.4145,29.0
17.0,7,True,27,aging,1.05,13029,22423,37734,51381,51169,43441,41473,45021,305672,30567,336239,17000,0.5187,23.1
36.4,3,True,34,normal,1.1,25364,46998,76436,120468,160956,137394,96924,111807,776346,77635,853981,39200,0.471,25.5
30.0,10,True,44,severe,1.25,22623,42078,79983,119493,152991,111731,66357,75809,671064,67106,738170,27100,0.3767,31.9
13.0,7,False,28,poor,1.3,8812,19546,31930,61060,51519,58788,34343,33331,299331,29933,329264,8000,0.2493,48.1
34.5,2,True,54,severe,1.25,45863,52053,112407,137327,185093,130837,100452,120427,884459,88446,972905,37000,0.3902,30.8
20.2,10,True,12,poor,1.1,17772,36167,45504,91154,121711,80550,43220,47762,483840,48384,532224,20400,0.3933,30.5
46.5,3,False,29,poor,1.1,36677,78198,115131,148399,230440,151152,113609,113949,987555,98755,1086310,45400,0.4288,28.0
37.4,13,True,3,aging,1.05,24771,41772,81276,142801,109958,143038,79336,70074,693026,69303,762329,37400,0.5034,23.8
42.4,10,True,9,normal,1.0,29968,62948,89709,160302,147520,129955,87826,84019,792247,79225,871472,43800,0.5157,23.3
15.0,8,True,21,severe,1.15,14399,21130,41340,62642,81752,76441,36297,39224,373224,37322,410546,15300,0.3824,31.4
19.1,4,False,22,aging,1.1,13643,34148,47123,81028,91840,82152,51433,51135,452501,45250,497751,19800,0.4081,29.4
26.8,7,False,33,normal,1.3,24229,36620,85096,110074,111093,100381,63129,89834,620457,62046,682502,19300,0.2901,41.4
43.1,10,False,14,normal,1.35,34088,87111,112120,215327,179097,168799,128063,102165,1026770,102677,1129447,32600,0.2961,40.5
14.7,6,True,14,poor,1.1,13665,19347,29273,50274,56990,44814,35756,32328,282446,28245,310691,11900,0.393,30.5
17.4,14,False,41,normal,1.5,18468,31335,55325,92932,93279,53713,43354,48242,436649,43665,480313,14400,0.3076,39.0
48.4,15,True,8,aging,1.05,30834,52129,126822,164744,167824,96417,116776,89972,845519,84552,930071,49700,0.5483,21.9
27.4,12,False,20,poor,1.5,25829,45961,107977,117034,104389,133739,104346,87766,727040,72704,799744,30100,0.3862,31.1
43.6,3,False,16,normal,1.0,33461,51049,113126,186689,200576,148078,110742,86777,930500,93050,1023550,40100,0.402,29.9
46.7,15,False,37,normal,1.5,53973,90172,147626,236603,285363,184341,180730,150320,1329129,132913,1462042,49500,0.3474,34.5
13.5,8,True,43,poor,1.2,9571,21109,44614,56000,59764,49591,43651,42013,326313,32631,358944,10900,0.3116,38.5
44.3,14,False,39,normal,1.5,38738,75040,124872,208482,309058,196136,163472,113522,1229319,122932,1352251,45500,0.3452,34.8
46.6,10,True,14,normal,1.0,27341,62646,82937,149763,121232,119105,106336,100230,769590,76959,846549,45300,0.549,21.9
30.7,5,True,21,normal,1.0,19498,40454,66930,100528,97072,90660,80230,62341,557712,55771,613484,34100,0.5703,21.0
47.8,10,True,54,severe,1.25,35800,89770,159089,240183,289611,185688,158070,134306,1292517,129252,1421769,46600,0.3363,35.7
41.9,9,True,26,normal,1.0,26786,58740,100789,123288,188095,145476,104246,112688,860108,86011,946119,40700,0.4414,27.2
49.1,9,True,13,aging,1.05,38352,66168,106959,233950,167378,196046,123085,125089,1057027,105703,1162729,46800,0.413,29.1
49.8,1,False,33,normal,1.1,45648,83544,142227,185183,194769,189230,126706,109586,1076892,107689,1184581,39500,0.3421,35.1
30.2,12,True,43,normal,1.1,22705,41787,69522,155368,100142,84795,67748,60912,602979,60298,663277,26300,0.4068,29.5
20.8,6,False,28,poor,1.25,19959,40651,77248,83999,91036,79722,52215,73076,517905,51790,569695,24300,0.4376,27.4
37.7,13,True,20,aging,1.05,40380,52129,114591,109131,150644,102875,106514,103560,779824,77982,857806,31800,0.3804,31.5
36.9,3,False,46,normal,1.1,23787,49883,95419,134691,118152,124540,104363,99862,750697,75070,825767,29800,0.3703,32.4
19.2,1,False,39,aging,1.15,15729,23889,43894,77865,63052,58471,36729,39508,359137,35914,395050,14900,0.387,31.0
37.8,2,False,32,poor,1.2,29901,45264,104510,117888,130667,119671,91285,116643,755830,75583,831413,39800,0.4911,24.4
39.3,11,True,44,poor,1.2,24564,57685,102610,132004,145790,149670,78868,102264,793455,79346,872801,39300,0.462,26.0
20.2,12,True,27,poor,1.1,17086,26647,63486,72459,91895,51901,43221,44296,410993,41099,452092,16900,0.3835,31.3
33.9,8,True,22,severe,1.15,24864,46836,94475,123672,135952,105917,93966,78561,704243,70424,774667,31300,0.4145,28.9
35.5,2,False,34,normal,1.1,29339,63097,93175,163637,148704,102018,81137,87652,768760,76876,845636,35800,0.4344,27.6
33.0,15,True,42,severe,1.25,25597,36579,77372,105795,146128,115124,80041,86876,673511,67351,740863,28300,0.3919,30.6
14.1,8,False,21,normal,1.25,10201,17355,36259,45803,54298,46140,38320,42810,291187,29119,320306,9900,0.3171,37.8
46.0,14,True,37,aging,1.15,39204,73856,122726,175462,202744,148386,120231,110538,993146,99315,1092461,42600,0.4001,30.0
42.4,5,True,7,normal,1.0,32683,43351,97764,178012,164381,114531,98160,92090,820972,82097,903069,34400,0.3908,30.7
44.4,2,False,27,severe,1.15,29752,72513,116774,139738,188099,128692,116989,121863,914422,91442,1005864,46400,0.4733,25.4
16.8,14,True,14,aging,1.05,8856,20505,37598,52973,67073,32127,38580,36200,293913,29391,323304,13200,0.4189,28.6
27.0,4,True,46,normal,1.1,18770,39167,65503,105351,89864,79895,58945,63723,521218,52122,573340,30800,0.5512,21.8
30.6,12,False,36,poor,1.5,31003,66148,120330,142038,192224,154874,135012,103837,945465,94547,1040012,25600,0.2526,47.5
42.7,6,True,40,aging,1.15,26748,59517,116363,187910,153742,148949,107079,94275,894583,89458,984041,40700,0.4244,28.3
13.8,13,False,29,aging,1.5,13129,25129,49136,73937,57633,44153,37373,47096,347587,34759,382346,10700,0.2871,41.8
41.7,9,True,29,normal,1.0,31235,73873,101527,123102,144125,121958,106919,113851,816589,81659,898248,40300,0.4603,26.1
46.7,2,True,11,aging,1.05,38890,55511,149474,169595,199969,160196,109786,119936,1003358,100336,1103693,44500,0.4137,29.0
24.7,3,True,22,normal,1.0,12447,28635,47855,74906,87771,73632,49349,54440,429034,42903,471938,22300,0.4848,24.8
29.0,3,False,45,aging,1.15,21665,42624,81649,137452,130086,106293,73863,76207,669839,66984,736822,22700,0.3161,38.0
47.0,11,True,24,poor,1.1,30983,52833,111087,190161,180734,203345,112931,103210,985284,98528,1083813,48000,0.4544,26.4
30.4,3,False,21,normal,1.0,24632,33607,62840,111127,120874,69729,81058,48694,552561,55256,607817,26500,0.4473,26.8
34.1,10,False,21,aging,1.4,33963,65264,105909,188627,202977,124039,110568,94364,925711,92571,1018282,34300,0.3456,34.7
46.6,4,False,49,aging,1.2,33770,72256,139966,187961,166577,158305,106248,117281,982363,98236,1080599,34000,0.3228,37.2
17.5,7,True,19,poor,1.1,13322,27476,47138,48516,58463,63545,41724,52776,352961,35296,388257,22500,0.5946,20.2
49.6,1,False,31,poor,1.2,35003,75791,164094,199868,209198,175074,134959,131162,1125149,112515,1237663,57600,0.4775,25.1
25.2,14,False,13,aging,1.5,29166,44223,79976,132923,99032,115574,74795,73161,648849,64885,713734,22500,0.3234,37.1
20.5,15,True,29,normal,1.0,15020,26438,42765,49270,68649,54486,56093,37171,349891,34989,384880,17100,0.4558,26.3
28.3,1,False,10,normal,1.0,17417,29873,59733,84244,106848,111012,61884,57280,528291,52829,581120,24000,0.4237,28.3
20.2,15,True,14,normal,1.0,16876,27358,64647,83816,94669,56308,41134,40964,425773,42577,468350,19000,0.4162,28.8
48.2,14,True,45,poor,1.2,50864,63138,171817,185005,186749,174520,150893,123185,1106172,110617,1216789,46000,0.3879,30.9
43.9,11,False,7,aging,1.45,44673,82948,133832,243927,187045,216973,140802,127920,1178120,117812,1295932,48800,0.3864,31.1
21.1,5,False,50,poor,1.3,22311,31743,64601,93797,96218,70059,62846,54757,496333,49633,545966,21300,0.4003,30.0
22.7,3,True,26,aging,1.05,13526,33868,63152,81840,82062,71043,51642,50625,447757,44776,492533,22900,0.477,25.2
47.1,13,True,42,poor,1.2,33271,71281,107013,180574,173833,138726,111295,114047,930041,93004,1023045,47600,0.4774,25.1
20.3,14,True,50,poor,1.2,16271,32824,65046,63700,76886,62825,54752,62421,434725,43472,478197,13200,0.2832,42.4
22.3,5,True,42,aging,1.15,13751,34346,65092,70862,110716,73770,71221,60170,499926,49993,549919,18300,0.3414,35.1
22.7,4,True,24,aging,1.05,14295,28864,56459,67579,81825,59435,53225,50505,412187,41219,453406,19100,0.4322,27.8
28.4,1,False,45,poor,1.2,22879,45316,78423,114017,148939,103996,80552,83654,677776,67778,745553,23000,0.3165,37.9
30.2,15,False,9,normal,1.5,26957,67770,116584,141220,196527,125744,113623,87704,876129,87613,963742,31000,0.33,36.4
37.7,14,True,35,aging,1.15,27037,46781,107994,121598,138606,120950,95470,79565,738001,73800,811802,31400,0.3969,30.2
21.6,3,False,43,normal,1.1,18352,29949,51949,64663,74010,72381,58406,50768,420478,42048,462526,18700,0.4148,28.9
43.1,12,True,4,poor,1.1,30436,59962,100612,154902,153307,128534,136717,104105,868574,86857,955431,41300,0.4435,27.1
30.1,4,True,25,aging,1.05,20426,46922,64676,97325,118448,88116,68036,66266,570216,57022,627237,28400,0.4646,25.8
24.6,8,True,24,poor,1.1,18412,43903,65567,105191,76962,75508,64872,68037,518451,51845,570296,24900,0.448,26.8
33.8,12,True,36,normal,1.1,22891,38209,89670,119434,111884,104887,64142,65481,616599,61660,678258,32900,0.4977,24.1
40.5,3,False,50,aging,1.15,28599,53119,106631,114025,133295,102767,103057,79286,720778,72078,792856,42700,0.5526,21.7
47.0,6,True,13,severe,1.15,33145,62499,124020,158699,183573,145995,120456,120724,949110,94911,1044021,50100,0.4924,24.4
37.5,7,True,46,normal,1.1,22435,46192,90503,146401,139003,91421,90612,75855,702421,70242,772663,32000,0.4249,28.2
34.0,8,True,8,aging,1.05,23245,44884,88992,128300,120464,111469,99526,92602,709482,70948,780430,32200,0.4233,28.3
32.1,10,True,28,normal,1.0,21098,42850,71369,108708,88121,86667,68072,64200,551086,55109,606194,31800,0.5382,22.3
20.3,14,True,23,normal,1.0,15645,24879,39681,67342,70792,49538,39539,45458,352874,35287,388162,19100,0.5049,23.8
41.7,3,False,27,aging,1.05,22713,46990,96425,126878,128336,99767,79799,92523,693429,69343,762772,43500,0.5851,20.5
19.5,8,True,35,normal,1.1,16443,29514,56974,74447,89720,56436,47480,48131,419144,41914,461059,18700,0.4161,28.8
15.4,13,True,7,normal,1.0,10000,16504,32635,48453,45318,51965,26196,29134,260205,26021,286226,14200,0.509,23.6
45.4,9,False,43,normal,1.4,42545,84760,144198,218613,251434,154729,157199,169480,1222960,122296,1345256,40200,0.3066,39.1
43.0,15,True,15,aging,1.05,27074,48687,91259,140542,168972,112534,93061,100250,782379,78238,860617,43000,0.5126,23.4
26.8,6,True,41,normal,1.1,14727,42794,77972,105687,89373,100551,80014,58887,570006,57001,627007,25600,0.4189,28.6
18.6,3,True,12,normal,1.0,9891,20462,42720,61132,64793,53624,36443,34512,323577,32358,355935,15800,0.4554,26.3
16.2,4,False,11,normal,1.05,11172,17182,40448,54520,51705,53525,36056,46635,311242,31124,342366,17200,0.5154,23.3
16.1,4,False,28,aging,1.1,9514,19263,38299,53115,62845,49399,42046,42052,316533,31653,348186,17000,0.5009,24.0
26.9,13,True,43,normal,1.1,17544,35306,62402,88393,88004,72795,72323,59971,496737,49674,546410,22400,0.4206,28.5
39.2,5,False,11,normal,1.1,27593,70392,105202,135601,142034,126310,93111,94316,794559,79456,874014,38100,0.4473,26.8
12.2,12,False,23,poor,1.5,13638,19616,47557,64532,55119,54460,37938,46310,339170,33917,373087,11800,0.3245,37.0
17.3,11,True,38,normal,1.1,13373,28971,50397,75631,96432,49372,46337,46719,407232,40723,447955,12600,0.2886,41.6
27.3,9,True,35,normal,1.1,19953,31297,68191,107434,97052,93695,63708,74817,556147,55615,611761,25600,0.4293,27.9
19.7,2,False,16,normal,1.0,16842,26744,53406,57636,101568,66327,39625,48352,410499,41050,451549,18600,0.4226,28.4
19.9,10,True,51,aging,1.15,13830,28918,49907,83743,83721,54608,50782,47010,412519,41252,453771,19300,0.4364,27.5
23.5,4,False,30,normal,1.05,16525,36458,58575,101501,99762,85938,52397,67456,518611,51861,570472,25100,0.4514,26.6
43.5,2,False,23,aging,1.05,23033,63949,109405,160340,168354,144244,104194,116804,890323,89032,979355,44600,0.4672,25.7
15.0,12,True,53,poor,1.2,11695,22678,44488,69978,79043,43876,40180,43963,355900,35590,391490,11100,0.2909,41.3
23.8,6,True,25,aging,1.05,18067,32584,53384,93337,112847,70995,64419,55797,501430,50143,551573,24800,0.4613,26.0
49.1,5,False,49,normal,1.2,36373,70629,148703,208717,296883,160593,138683,125883,1186463,118646,1305110,43600,0.3428,35.0
25.5,5,False,33,normal,1.2,25479,45817,80355,96056,117553,80622,63204,69523,578609,57861,636470,22800,0.3675,32.6
29.6,7,False,51,normal,1.3,25857,42531,87760,132166,147713,82909,89789,94381,703105,70310,773415,30400,0.4033,29.8
34.8,10,True,25,aging,1.05,24834,54108,112530,150961,120678,105078,91148,77673,737011,73701,810712,35500,0.4493,26.7
34.8,11,True,24,poor,1.1,19318,40672,72607,119817,133218,102958,80613,101433,670636,67064,737699,30700,0.427,28.1
16.5,3,False,7,normal,1.0,11058,24524,47031,50294,53772,58791,42597,25085,313153,31315,344468,14500,0.4319,27.8
39.9,13,True,14,poor,1.1,32888,55948,109782,125642,154878,155531,97803,93378,825851,82585,908436,29400,0.332,36.1
18.0,8,True,50,aging,1.15,15012,27474,36907,63544,69514,44415,37714,39092,333673,33367,367040,19100,0.5339,22.5
22.3,6,True,8,aging,1.05,17329,33650,52732,66904,112436,56882,47954,58733,446621,44662,491283,24300,0.5075,23.6
27.6,6,True,19,poor,1.1,21949,41453,75293,90188,98584,86170,61635,60065,535337,53534,588871,33700,0.5872,20.4
34.3,11,False,7,severe,1.5,39656,60131,123945,209999,219772,130940,129248,109152,1022842,102284,1125127,31100,0.2836,42.3
44.2,13,True,13,poor,1.1,34059,59246,129575,205699,173335,130307,110553,103250,946023,94602,1040625,43600,0.4299,27.9
23.0,3,False,34,poor,1.2,20073,38140,73566,86947,113271,79056,63772,59740,534564,53456,588021,21100,0.3682,32.6
37.3,4,False,5,normal,1.05,24918,54084,86592,129309,109471,114916,80568,87319,687176,68718,755894,34800,0.4724,25.4
49.3,8,False,22,poor,1.35,42872,79123,158086,247539,227338,197876,132836,127999,1213668,121367,1335035,52300,0.4019,29.9
17.4,7,False,17,severe,1.35,14697,24114,48032,76728,81564,68768,48057,36314,398274,39827,438102,16200,0.3794,31.6
15.0,8,False,32,poor,1.45,14600,22331,52749,67496,116536,61589,45795,35394,416489,41649,458138,15400,0.3449,34.8
27.2,8,True,7,aging,1.05,16803,37117,52192,76032,107732,73984,66352,53206,483419,48342,531761,25600,0.4939,24.3
39.4,6,False,11,aging,1.2,34907,57785,88455,150119,175590,143516,97479,97444,845295,84530,929825,35600,0.3928,30.5
39.1,9,True,11,aging,1.05,31297,52244,86138,139028,142466,96855,88752,92527,729308,72931,802238,33400,0.4272,28.1
25.7,8,True,10,severe,1.15,16688,35731,61451,89270,102965,84437,70445,83119,544106,54411,598517,24500,0.42,28.6
20.0,13,True,16,severe,1.15,13375,34265,53179,73887,64419,68119,47184,45261,399689,39969,439658,17200,0.4014,29.9
43.8,10,True,28,normal,1.0,35094,71656,111226,148022,156840,108002,85334,109675,825849,82585,908434,47000,0.5308,22.6
45.9,15,True,19,normal,1.0,26231,56155,101920,132292,156348,122531,112641,82578,790697,79070,869766,47800,0.5639,21.3
38.8,12,True,43,aging,1.15,27491,41616,88686,122578,145395,132144,88163,92706,738778,73878,812656,36500,0.4608,26.0
42.2,4,False,20,aging,1.1,34960,53194,102214,133556,168927,128027,100384,88835,810098,81010,891108,43100,0.4962,24.2
38.7,14,False,31,poor,1.5,41096,81690,157490,162003,219231,132411,142409,125189,1061518,106152,1167670,39000,0.3427,35.0
19.4,12,True,52,normal,1.1,15384,23502,58441,76694,79771,84743,45102,53759,437397,43740,481136,17100,0.3646,32.9
41.1,6,True,19,aging,1.05,27463,50104,111739,156500,141772,107664,77793,81973,755010,75501,830511,38300,0.4732,25.4
21.4,12,True,6,poor,1.1,14431,34953,53304,92995,89773,67159,54897,57856,465368,46537,511905,22200,0.4449,27.0
17.3,8,False,7,poor,1.35,16832,32157,55437,85779,143304,105749,50598,45421,535277,53528,588804,17300,0.3015,39.8
25.2,1,False,10,poor,1.1,14918,32096,60318,100895,78692,103972,61645,62184,514720,51472,566192,28400,0.5146,23.3
37.8,1,True,45,poor,1.2,30393,70677,131166,175762,158840,150058,120948,142865,980709,98071,1078780,35500,0.3376,35.5
38.9,7,True,49,severe,1.25,34837,64742,111176,148165,188890,123046,128988,109884,909728,90973,1000701,34300,0.3517,34.1
16.4,3,True,14,aging,1.05,12933,21009,29139,52086,63045,49051,33219,34023,294506,29451,323957,13700,0.4339,27.7
39.7,15,True,29,aging,1.05,30064,51867,105635,159584,141607,87054,99673,94321,769805,76981,846786,41200,0.4992,24.0
33.4,2,False,54,poor,1.2,27062,57725,85731,113389,145624,90368,96846,88627,705371,70537,775909,30800,0.4073,29.5
44.1,5,False,24,aging,1.15,35292,86938,154254,199535,188267,153448,126953,109219,1053906,105391,1159297,44200,0.3912,30.7
14.8,10,True,38,poor,1.2,14654,21140,36409,53033,57193,51377,37602,44799,316208,31621,347829,13700,0.4041,29.7
45.3,2,True,31,poor,1.2,31936,70965,123060,167786,197269,235380,109767,123044,1059206,105921,1165127,37700,0.332,36.1
44.8,10,False,23,poor,1.45,45488,71495,117112,205750,199051,185637,128846,142508,1095886,109589,1205475,39300,0.3345,35.9
21.7,9,False,28,aging,1.35,18561,40404,76064,79722,133244,100417,63419,54044,565874,56587,622462,22600,0.3725,32.2
40.8,7,False,17,aging,1.25,32547,70975,142936,168038,159135,156426,103128,113384,946570,94657,1041227,37700,0.3715,32.3
42.3,13,False,14,normal,1.5,36036,59805,143911,202709,192003,120801,125738,126651,1007653,100765,1108419,43000,0.398,30.1
12.4,8,True,5,poor,1.1,8542,14919,33010,43658,48053,34405,35507,38062,256156,25616,281771,10900,0.3969,30.2
42.6,11,True,29,aging,1.05,26271,39165,95374,135882,148240,144600,83442,81571,754546,75455,830001,34300,0.424,28.3
24.3,11,True,50,aging,1.15,15081,36730,62480,87844,111957,75552,63911,60788,514342,51434,565777,28400,0.515,23.3
36.0,11,True,35,normal,1.1,27445,61058,102272,146069,124427,146924,72363,83021,763579,76358,839936,29300,0.3579,33.5
33.1,9,False,13,aging,1.35,30454,56766,89957,129851,151169,123868,116292,100193,798550,79855,878405,30800,0.3598,33.4
31.8,10,True,10,normal,1.0,26411,45050,83271,91073,140197,107713,61891,80161,635766,63577,699343,32800,0.4812,24.9
43.2,5,False,47,normal,1.2,35537,54421,146955,154555,184957,185581,123398,133462,1018867,101887,1120754,46400,0.4248,28.3
40.7,11,True,9,poor,1.1,29171,52939,116876,140180,194702,122319,117137,84940,858265,85826,944091,41100,0.4467,26.9
47.6,3,True,4,normal,1.0,27826,60723,92785,135546,150344,125554,112197,90094,795069,79507,874576,48500,0.569,21.1
44.0,7,True,12,normal,1.0,26210,51967,105455,131104,154736,150391,107942,82723,810527,81053,891580,39800,0.458,26.2
37.9,4,False,28,normal,1.05,32277,52003,80403,137738,178129,102308,89090,74374,746324,74632,820956,33600,0.4199,28.6
29.2,14,False,18,normal,1.5,32106,69461,96209,150562,176683,164833,93969,88921,872744,87274,960018,32400,0.3463,34.7
30.0,2,False,53,aging,1.15,19862,43867,69616,94471,112545,105266,75975,72069,593672,59367,653039,28000,0.4399,27.3
38.8,7,False,50,normal,1.3,35060,86962,138634,177089,192680,147528,117864,118021,1013838,101384,1115222,35100,0.3229,37.2
29.9,4,False,11,normal,1.05,23607,42823,82185,141091,126927,130220,76661,91719,715232,71523,786755,27200,0.3547,33.8
31.1,14,False,12,aging,1.5,36600,64500,121324,161121,220453,153191,107079,135344,999612,99961,1099574,29700,0.2771,43.3
46.1,11,True,39,aging,1.15,24750,55037,96051,143926,165469,104817,111139,108552,809742,80974,890716,50000,0.5759,20.8
25.0,1,False,45,aging,1.15,22852,43543,66549,119639,123822,81144,80321,76242,614111,61411,675522,23200,0.3524,34.1
18.5,10,True,49,aging,1.15,16632,26582,43042,68474,86585,55880,42751,46043,385989,38599,424588,20200,0.4881,24.6
42.4,9,True,53,aging,1.15,30369,63680,109759,155410,188554,124014,102059,95665,869508,86951,956459,42800,0.4591,26.1
43.7,2,False,52,poor,1.2,35865,76138,118015,151793,201801,149782,111161,116441,960996,96100,1057095,37600,0.3649,32.9
28.6,5,False,11,normal,1.1,21863,36093,56648,87557,87410,79368,68821,53446,491206,49121,540327,20400,0.3874,31.0
37.8,7,True,37,normal,1.1,28280,54971,107196,177138,117691,130888,90865,96039,803068,80307,883374,36900,0.4286,28.0
25.7,12,True,36,aging,1.15,20323,51702,69853,86642,94255,105967,68041,67832,564615,56462,621077,25900,0.4279,28.0
15.1,11,False,20,normal,1.4,13192,28616,52362,63722,73908,50919,39532,42548,364799,36480,401279,14900,0.381,31.5
40.9,5,False,46,aging,1.25,41592,67051,109769,174238,189001,174889,110997,120442,987980,98798,1086778,33500,0.3163,37.9
20.2,8,True,15,poor,1.1,18070,28018,53984,103425,86571,64291,52095,66901,473353,47335,520689,19400,0.3823,31.4
45.9,3,True,12,poor,1.1,31943,80156,109801,177246,160568,219576,112143,115171,1006605,100660,1107265,44400,0.4114,29.2
19.6,4,False,31,poor,1.25,14419,20700,53208,67507,85947,56816,47179,52373,398150,39815,437965,20300,0.4756,25.2
19.7,5,False,53,poor,1.3,16860,30123,53175,82465,76127,74502,55199,61989,450440,45044,495484,20400,0.4224,28.4
37.8,14,True,41,poor,1.2,31626,82964,117118,151997,174936,212022,86493,106547,963704,96370,1060074,36600,0.3542,33.9
14.5,1,False,38,normal,1.1,8822,24393,36960,47614,50636,44787,32197,28540,273949,27395,301344,13700,0.4665,25.7
27.6,15,True,44,normal,1.1,17640,32490,66674,97968,115423,113558,78920,70863,593536,59354,652890,24200,0.3803,31.6
42.9,11,False,30,normal,1.4,41238,68885,164598,180456,167145,141011,118716,112454,994503,99450,1093953,41600,0.3902,30.8
33.5,4,False,33,normal,1.15,24133,61075,100441,173571,138797,107741,100812,74865,781436,78144,859579,31900,0.3808,31.5
33.5,13,True,29,poor,1.1,31818,49167,105569,118015,163556,103311,90010,97733,759180,75918,835098,33600,0.4128,29.1
44.7,6,False,37,poor,1.35,34161,81605,131625,250642,174184,165163,122275,104283,1063938,106394,1170332,29300,0.2569,46.7
28.1,2,False,9,poor,1.1,17756,37633,74345,93662,116269,85980,62052,59352,547049,54705,601754,25700,0.4382,27.4
29.8,13,True,37,normal,1.1,31560,49499,91566,145753,192346,139222,106228,86882,843056,84306,927362,27700,0.3065,39.2
46.6,1,False,35,normal,1.1,28290,53568,153234,187442,208410,186934,97204,105428,1020509,102051,1122560,42700,0.3903,30.7
27.3,6,True,14,aging,1.05,22548,35289,70272,80820,149162,78108,87883,64309,588392,58839,647231,28000,0.4439,27.0
19.6,6,True,40,normal,1.1,13767,31737,55435,80226,79954,84541,49413,38018,433091,43309,476400,21200,0.4566,26.3
44.3,2,False,45,aging,1.15,34904,66921,123834,153725,183547,140769,107545,116255,927500,92750,1020250,44200,0.4445,27.0
25.8,14,True,49,normal,1.1,17468,36784,74480,121262,115460,74121,69496,53020,562093,56209,618302,26300,0.4364,27.5
44.0,13,True,47,normal,1.1,33730,77562,95415,149193,184332,146659,98237,96897,882025,88202,970227,38700,0.4092,29.3
44.6,8,True,52,normal,1.1,34418,65119,121944,175011,195671,151532,126883,98803,969382,96938,1066320,42000,0.4041,29.7
26.1,10,False,35,poor,1.5,25952,43564,81292,104874,146912,105625,74927,71506,654651,65465,720117,29600,0.4217,28.5
26.6,13,False,48,normal,1.5,36341,52057,84747,150930,129136,142343,97540,99312,792408,79241,871648,23600,0.2778,43.2
23.2,1,False,24,poor,1.1,16898,30334,64629,112607,88808,66699,55777,45699,481451,48145,529596,23500,0.4553,26.4
40.3,14,False,17,normal,1.5,33801,53227,151647,209303,172196,179933,118702,115620,1034429,103443,1137872,34600,0.312,38.5
14.6,5,False,18,normal,1.1,12399,20917,45436,60094,53928,44772,34011,39979,311536,31154,342690,15600,0.4671,25.7
17.6,15,True,48,aging,1.15,13794,23224,46424,66203,78112,51365,41202,43771,364094,36409,400504,17400,0.4457,26.9
33.1,9,True,51,normal,1.1,25852,36547,98359,147913,128872,101177,76921,113699,729340,72934,802274,31700,0.4054,29.6
22.2,10,True,39,normal,1.1,17450,28662,53721,86955,70778,62827,50990,64305,435689,43569,479257,21800,0.4667,25.7
26.1,14,True,39,normal,1.1,16337,35042,70833,90658,97523,74331,62853,73780,521356,52136,573492,22500,0.4025,29.8
36.9,10,False,22,normal,1.35,32108,48816,110453,152324,158152,110729,99828,108025,820433,82043,902476,31300,0.3558,33.7
18.6,10,True,16,normal,1.0,12356,26966,39467,56219,65372,57541,39575,29196,326693,32669,359362,16000,0.4568,26.3
34.0,3,False,6,normal,1.0,25001,41001,75204,91008,113267,94503,72149,69933,582067,58207,640274,33300,0.5336,22.5
40.3,5,True,7,normal,1.0,22242,56517,110412,157165,174389,127992,77251,94402,820370,82037,902407,39300,0.4468,26.9
15.9,9,True,27,normal,1.0,11697,17093,35869,48579,54175,45588,30454,39172,282627,28263,310890,13600,0.4488,26.7
20.0,3,False,15,aging,1.05,14835,25093,50137,61137,69599,44554,41444,40631,347429,34743,382172,20600,0.553,21.7
49.8,14,True,10,aging,1.05,47801,65908,144543,200330,145062,169075,107430,117916,998066,99807,1097873,45400,0.4243,28.3
42.6,10,True,52,severe,1.25,28000,71133,121585,151230,258346,150358,101121,116585,998358,99836,1098194,40300,0.3765,31.9
30.5,10,True,37,normal,1.1,21068,45015,75541,99154,127104,125851,84885,81003,659620,65962,725582,27800,0.3931,30.5
17.2,10,True,16,aging,1.05,11137,26958,33445,48199,54030,48948,40433,44318,307467,30747,338214,16400,0.4975,24.1
31.9,8,True,25,normal,1.0,20388,38502,66517,88387,86458,99060,77393,69081,545787,54579,600365,30600,0.5229,22.9
37.7,6,True,19,normal,1.0,18402,38327,71179,115503,139768,91556,67049,60722,602506,60251,662756,39700,0.6146,19.5
21.8,11,True,26,poor,1.1,15486,35095,46642,60463,69145,47907,57752,49483,381973,38197,420170,20100,0.4908,24.4
12.3,6,True,42,normal,1.1,7435,16474,35934,37635,41529,40496,30083,29655,239242,23924,263166,13700,0.5341,22.5
35.1,2,False,35,aging,1.15,34037,64826,98195,119357,167174,135573,94263,95264,808690,80869,889559,29200,0.3368,35.6
15.3,10,False,5,normal,1.35,14391,19328,36694,74071,72922,64063,36318,39423,357211,35721,392932,16100,0.4204,28.5
13.8,9,True,17,normal,1.0,7197,14024,40824,41739,47229,39777,29827,27041,247657,24766,272423,13500,0.5084,23.6
44.7,6,True,28,aging,1.05,26806,55163,103340,140479,162599,128581,116511,92349,825827,82583,908410,34800,0.393,30.5
17.3,9,False,49,poor,1.5,13013,30989,54551,90926,72772,95173,56151,42716,456291,45629,501920,19700,0.4027,29.8
28.2,1,False,39,aging,1.15,18237,33244,66525,120083,112703,98934,70573,61293,581591,58159,639751,25300,0.4057,29.6
48.5,11,True,50,normal,1.1,34254,70555,118357,226166,256394,139879,131606,106589,1083801,108380,1192181,41100,0.3537,33.9
36.5,12,True,17,poor,1.1,24696,45007,90759,130380,134490,87924,95143,64250,672649,67265,739914,35700,0.495,24.2
31.4,5,False,4,normal,1.1,21591,40185,77757,119161,124102,107180,93579,83116,666670,66667,733338,31600,0.4421,27.1
12.2,12,True,46,severe,1.25,9342,20154,31226,51602,46134,39425,32580,30055,260518,26052,286570,9400,0.3365,35.7
49.7,3,False,47,poor,1.2,34400,88106,135942,160019,219307,179590,116144,115036,1048545,104854,1153399,45300,0.403,29.8
26.1,12,False,15,normal,1.45,27256,43692,84051,104199,164974,150977,82561,80434,738144,73814,811959,23900,0.302,39.7
21.2,8,True,49,poor,1.2,15404,32426,57755,96672,100849,54250,55721,50731,463808,46381,510188,21600,0.4344,27.6
46.2,11,True,14,normal,1.0,27162,53800,107873,133679,158167,126789,94865,81278,783613,78361,861974,42500,0.5059,23.7
21.9,8,False,31,aging,1.4,18434,43198,71054,91831,97432,67734,84444,66079,540205,54020,594225,19400,0.335,35.8
28.2,10,True,7,normal,1.0,18563,32743,68712,88605,110086,100852,68718,59705,547984,54798,602783,30800,0.5242,22.9
15.2,10,True,27,severe,1.15,9985,17215,30409,56155,66430,45340,29085,45291,299909,29991,329900,11200,0.3483,34.5
43.2,13,False,54,severe,1.5,43112,80926,146074,219965,188456,174781,151655,166981,1171950,117195,1289145,42500,0.3382,35.5
19.0,3,True,47,normal,1.1,13463,26329,57655,54310,62313,57404,44367,50125,365965,36597,402562,14400,0.367,32.7
12.8,15,True,31,normal,1.1,12016,16273,36311,51865,43753,51372,31288,33472,276351,27635,303986,10700,0.3611,33.2
33.6,13,True,37,severe,1.25,35358,52974,105568,166057,160249,134430,111435,116249,882320,88232,970552,28300,0.2992,40.1
16.9,14,False,52,severe,1.5,19335,34979,63949,92076,97166,89790,47312,52299,496905,49690,546595,13800,0.259,46.3
26.7,7,True,15,aging,1.05,16435,40773,77839,105629,105945,79908,78233,67061,571823,57182,629006,21100,0.3442,34.9
43.9,15,True,24,aging,1.05,25038,49818,104111,127213,120395,82155,109067,94408,712205,71221,783426,37100,0.4859,24.7
37.9,1,True,29,aging,1.05,27156,40746,85808,125590,116863,78635,80760,84161,639720,63972,703692,41100,0.5992,20.0
47.2,14,True,45,normal,1.1,29177,66241,129054,182911,177348,161371,112129,116700,974930,97493,1072423,50800,0.486,24.7
37.4,11,True,14,aging,1.05,21250,51836,99336,154055,149586,140416,86658,102100,805236,80524,885760,31800,0.3683,32.6
34.1,3,True,34,normal,1.1,28719,40135,63706,102331,155532,111544,74268,82683,658918,65892,724810,35900,0.5082,23.6
23.6,15,False,30,poor,1.5,26112,43340,63312,112589,121741,99611,74389,73685,614778,61478,676256,28400,0.4309,27.9
36.9,12,False,48,normal,1.5,33563,73316,137777,168026,218654,182106,170932,118028,1102403,110240,1212643,41000,0.3469,34.6
45.9,4,False,42,aging,1.2,39273,68997,119664,183073,163518,164671,117060,139062,995318,99532,1094850,51800,0.4854,24.7
16.5,14,False,49,normal,1.5,20938,32825,67890,93670,93238,82324,53847,59243,503976,50398,554373,13500,0.2498,48.0
48.9,3,False,54,normal,1.1,37273,72734,129948,129224,176573,189584,130354,95703,961394,96139,1057533,53100,0.5152,23.3
27.4,13,True,39,poor,1.2,17377,40567,75375,98749,99232,94755,66020,59530,551605,55160,606765,32200,0.5445,22.0
14.9,1,False,11,poor,1.1,12606,19217,34689,43990,62521,48918,42865,39916,304721,30472,335193,13500,0.4132,29.0
33.7,4,False,41,aging,1.2,23890,44690,93169,119113,127495,151140,81319,104950,745765,74577,820342,37400,0.4678,25.7
18.6,4,False,38,normal,1.15,13143,19226,42913,73682,77942,50333,42768,38558,358565,35856,394421,14000,0.3642,33.0
48.6,13,False,16,aging,1.5,46664,78242,187178,231862,255457,198439,144306,177605,1319752,131975,1451727,50700,0.3583,33.5
41.6,4,False,37,aging,1.2,37150,72307,109448,164934,168205,166305,93285,130066,941700,94170,1035870,42500,0.421,28.5
29.5,14,True,44,aging,1.15,21463,41326,71811,86643,104840,99381,60363,63889,549716,54972,604687,25100,0.4259,28.2
32.1,12,True,22,poor,1.1,21075,42159,79933,88280,124908,103451,93197,61022,614025,61403,675428,30200,0.4587,26.2
37.8,10,False,43,aging,1.5,36390,70372,151773,163901,208253,142019,146791,134532,1054031,105403,1159435,33700,0.2982,40.2
13.4,12,True,21,poor,1.1,8094,15785,29392,42901,57174,45608,27772,37643,264369,26437,290806,12100,0.4269,28.1
40.0,13,False,8,normal,1.5,46480,86819,148482,212604,270267,223355,145318,158054,1291379,129138,1420517,44500,0.3214,37.3
20.6,6,True,4,normal,1.0,14596,23991,40311,77890,65809,62509,44559,46320,375986,37599,413585,20200,0.5011,23.9
41.9,10,False,33,severe,1.5,43752,67245,125027,199884,219847,208862,149787,116672,1131076,113108,1244183,40400,0.3332,36.0
39.6,3,False,21,aging,1.05,24673,58295,77676,158319,161135,116543,80224,90369,767234,76723,843958,38000,0.462,26.0
12.5,3,True,43,normal,1.1,10911,15174,31378,55662,45882,35071,38435,37333,269845,26985,296830,12300,0.4252,28.2
24.2,5,False,17,normal,1.1,16847,28213,59192,88719,114090,65917,60461,57871,491311,49131,540442,25400,0.4822,24.9
39.4,14,True,36,poor,1.2,35522,57166,95339,123818,135923,144744,108286,92708,793506,79351,872857,36200,0.4255,28.2
21.5,12,False,54,normal,1.5,22503,42274,65949,105662,185494,85900,73407,63453,644643,64464,709107,19000,0.2749,43.7
46.8,1,False,17,severe,1.15,34543,70291,138477,168566,223429,164543,123217,109618,1032684,103268,1135952,44300,0.4001,30.0
16.0,4,False,51,severe,1.3,16120,23000,48822,76578,80296,52557,42548,44065,383985,38399,422384,15700,0.3814,31.5
27.1,15,True,5,aging,1.05,20762,31213,70510,107980,134016,86641,78004,54042,583167,58317,641484,25900,0.4142,29.0
27.7,10,False,30,normal,1.35,24425,53139,77435,130642,87503,112826,86860,93348,666178,66618,732796,30100,0.4214,28.5
18.5,13,True,6,normal,1.0,10170,27521,39234,45576,83287,55836,36929,34877,333430,33343,366773,15200,0.4252,28.2
46.5,4,False,41,normal,1.15,35567,62311,96244,182569,189645,149355,113223,110502,939415,93942,1033357,38100,0.3783,31.7
40.1,3,False,28,poor,1.1,31082,46024,114727,126206,125527,126690,88739,100719,759714,75971,835686,42000,0.5156,23.3
44.9,10,True,52,aging,1.15,29192,64126,115970,155322,184699,133253,114260,97404,894226,89423,983648,40400,0.4214,28.5
22.9,14,False,16,poor,1.5,20783,46846,72805,105712,105959,109911,83729,89786,635530,63553,699083,19000,0.2789,43.0
33.4,3,False,14,poor,1.1,22663,47894,101968,114379,140764,94898,92450,98235,713250,71325,784575,25800,0.3374,35.6
42.7,1,False,23,poor,1.1,29015,77577,98660,131159,230080,130630,114616,114511,926249,92625,1018874,49600,0.4995,24.0
16.6,14,False,24,normal,1.5,18744,26071,55608,87380,85686,59860,64041,54425,451814,45181,496996,20100,0.4149,28.9
19.5,10,False,9,normal,1.35,23663,34331,70778,113907,99130,88887,60655,65214,556566,55657,612222,19300,0.3234,37.1
25.0,12,True,34,severe,1.25,16662,36910,71038,104007,94405,87454,62364,59689,532530,53253,585783,23500,0.4116,29.2
39.1,7,True,18,severe,1.15,26783,63982,97471,152342,149302,111774,106194,112902,820751,82075,902826,37400,0.425,28.2
13.7,9,False,24,normal,1.3,10610,24414,40824,54145,72853,41464,33772,37114,315195,31520,346715,11900,0.3521,34.1
36.1,8,True,34,aging,1.15,28189,59159,95017,105700,131239,140259,84020,76706,720289,72029,792318,31600,0.4092,29.3
49.7,10,True,14,poor,1.1,33364,81791,111923,196509,154533,164970,119109,105538,967736,96774,1064510,56000,0.5397,22.2
35.4,7,True,39,normal,1.1,24369,47819,94342,153380,142835,129352,88384,107056,787536,78754,866290,33200,0.3932,30.5
13.1,7,True,24,poor,1.1,8895,17725,33882,38096,44355,31756,31763,32990,239462,23946,263408,13300,0.518,23.2
48.7,8,True,47,poor,1.2,36852,57242,120123,182392,253618,152800,125186,131118,1059331,105933,1165264,50500,0.4446,27.0
31.9,2,False,41,normal,1.1,22817,40530,90649,102231,105208,97034,81465,72986,612919,61292,674211,32300,0.4915,24.4
22.1,4,True,20,aging,1.05,15691,34303,68638,67230,94333,60273,52060,53788,446317,44632,490948,19200,0.4012,29.9
43.4,1,True,54,aging,1.15,25060,53149,114441,170410,236889,134949,109237,92093,936228,93623,1029851,43000,0.4284,28.0
31.1,13,False,52,poor,1.5,29364,44984,113205,127952,184157,151545,119489,106463,877159,87716,964875,28800,0.3062,39.2
27.1,9,True,31,aging,1.15,20893,48023,73082,97129,125599,95926,79219,66991,606862,60686,667548,25200,0.3873,31.0
30.1,6,False,53,aging,1.3,22169,49499,90941,104494,110912,104059,83871,80444,646389,64639,711028,32700,0.4719,25.4
36.0,13,True,40,normal,1.1,25529,51494,91759,108587,190834,120271,81947,106028,776449,77645,854093,32800,0.394,30.5
33.1,1,True,10,normal,1.0,16515,48562,82774,98074,103563,97456,73861,66843,587649,58765,646414,29700,0.4714,25.5
12.1,6,True,18,aging,1.05,7435,13233,27224,34014,46157,52043,28022,25225,233355,23335,256690,13200,0.5276,22.7
38.9,10,True,19,normal,1.0,20637,52344,75495,116061,145672,110582,85562,85785,692138,69214,761352,34600,0.4663,25.7
35.1,15,False,25,poor,1.5,33690,71668,124857,157008,205469,168626,115684,100953,977954,97795,1075749,33000,0.3147,38.1
43.7,9,True,16,normal,1.0,28148,58678,92831,138895,122799,136544,95969,89643,763506,76351,839857,38700,0.4728,25.4
33.5,9,False,52,poor,1.5,32785,53208,96769,149755,138356,126929,89749,96636,784186,78419,862605,23700,0.2819,42.6
13.9,7,True,48,severe,1.25,11873,23806,40916,49282,62699,51824,39097,42181,321678,32168,353846,9000,0.261,46.0
24.7,10,True,51,normal,1.1,19405,31245,69578,81722,84789,66791,59433,62747,475710,47571,523281,21300,0.4176,28.7
25.4,4,False,36,normal,1.15,18706,40425,74065,95922,75710,85761,74099,58434,523121,52312,575433,21500,0.3833,31.3
17.7,7,False,30,aging,1.25,15674,30947,51879,82888,70213,61156,53737,54979,421473,42147,463621,15500,0.343,35.0
35.7,5,False,43,severe,1.35,31068,63571,129443,161720,178420,171302,111114,94089,940727,94073,1034799,34800,0.345,34.8
45.5,13,True,51,normal,1.1,32519,61478,129112,150452,168824,140423,98189,143849,924846,92485,1017331,41700,0.4206,28.5
32.3,12,True,27,poor,1.1,18078,43216,96521,121677,102813,87956,82016,78898,631174,63117,694292,30800,0.4552,26.4
42.4,11,True,28,aging,1.05,33978,52992,102298,120834,111588,115900,87135,63863,688587,68859,757446,52500,0.7111,16.9
22.4,6,True,53,aging,1.15,25730,32157,59556,75666,104555,93693,69264,59101,519722,51972,571694,21600,0.3876,31.0
28.0,1,False,36,poor,1.2,24295,43554,96327,142259,103258,105220,97573,81580,694066,69407,763472,24900,0.3346,35.9
29.8,10,True,28,normal,1.0,17672,35627,67393,76222,88872,81856,57311,48047,473000,47300,520300,31800,0.6271,19.1
25.2,10,True,23,aging,1.05,15195,28668,59067,82680,77798,60394,47975,57428,429206,42921,472126,22700,0.4933,24.3
17.4,7,True,46,normal,1.1,9639,24618,45235,73203,76583,56494,44044,49810,379626,37963,417589,17100,0.4201,28.6
29.1,8,False,26,normal,1.25,22800,31894,72351,126700,108830,82654,78808,71590,595627,59563,655190,26300,0.4118,29.1
31.8,13,False,50,normal,1.5,40021,59229,122135,181785,221849,131091,115210,116212,987532,98753,1086285,35500,0.3353,35.8
35.1,12,True,43,aging,1.15,26799,57772,110404,171966,147405,118410,107394,68235,808385,80839,889224,40400,0.4661,25.7
28.6,8,False,51,normal,1.35,31241,48450,92827,157386,143449,104592,83208,84217,745368,74537,819905,23200,0.2903,41.3
20.5,8,True,53,poor,1.2,21836,31102,64646,93887,61657,89756,57997,52397,473277,47328,520605,20100,0.3961,30.3
13.6,9,False,39,normal,1.4,14683,28292,46936,58992,76804,65876,44793,45518,381894,38189,420083,9900,0.2418,49.6
34.0,3,False,19,aging,1.05,18989,48207,89457,115681,102573,111056,79134,60439,625536,62554,688090,29400,0.4384,27.4
35.4,12,True,9,normal,1.0,20584,45695,77440,135044,134482,107709,75777,82114,678845,67885,746730,36300,0.4988,24.1
35.7,6,True,10,normal,1.0,24577,44008,91924,124388,151906,138665,68114,75554,719137,71914,791050,33800,0.4384,27.4
36.1,10,True,17,normal,1.0,29810,47446,99503,109473,164077,86067,74655,79108,690138,69014,759152,35900,0.4852,24.7
31.3,6,False,46,normal,1.25,21777,50840,83834,113525,131265,105921,86732,80678,674571,67457,742029,31500,0.4355,27.6
45.5,1,False,32,normal,1.1,41110,58423,99751,164531,166720,223198,110263,95250,959245,95924,1055169,44800,0.4356,27.5
28.2,13,True,11,normal,1.0,21027,43475,65319,106322,108382,79533,53171,64097,541326,54133,595459,27400,0.4721,25.4
35.7,10,False,41,aging,1.5,34481,49543,88960,168071,170037,181379,114362,105128,911961,91196,1003157,32100,0.3283,36.6
22.4,8,True,52,poor,1.2,18686,32095,65361,103913,99708,103039,73432,67840,564074,56407,620481,17200,0.2844,42.2
34.0,13,True,3,poor,1.1,22468,37995,78466,108932,158896,122761,78088,70676,678283,67828,746111,32300,0.4442,27.0
48.6,12,True,20,normal,1.0,32687,65459,120714,194245,169072,182475,139177,100954,1004785,100478,1105263,42300,0.3927,30.6
15.7,9,False,20,normal,1.3,15241,28668,49830,63466,61096,57813,48288,42296,366697,36670,403367,16000,0.407,29.5
31.1,13,False,39,aging,1.5,35969,45227,97883,144018,147978,139844,90727,74103,775748,77575,853323,26800,0.3222,37.2
32.9,7,True,3,aging,1.05,25759,52446,90523,126199,102959,109917,79800,77446,665048,66505,731553,25300,0.3548,33.8
21.0,1,False,36,aging,1.15,17444,32273,55578,98117,90630,64832,45595,58256,462724,46272,508996,16000,0.3225,37.2
19.6,13,True,4,normal,1.0,13390,26897,45349,59531,62230,48664,36468,42709,335237,33524,368761,18400,0.5119,23.4
28.5,6,True,15,aging,1.05,19764,32227,60400,77826,85998,95326,67997,64053,503592,50359,553951,28600,0.5297,22.7
26.1,8,True,29,aging,1.05,20023,41257,66409,80170,126354,92697,59200,56899,543009,54301,597310,23500,0.4037,29.7
30.3,8,True,29,severe,1.15,28304,39178,74636,105651,148459,91569,92660,92207,672663,67266,739930,26500,0.3675,32.7
48.9,14,True,24,normal,1.0,31982,63934,112468,137938,169474,131904,103294,124222,875216,87522,962737,41900,0.4465,26.9
42.2,11,True,11,aging,1.05,27689,49361,103143,165449,138745,105497,89524,70511,749919,74992,824911,32800,0.408,29.4
15.8,4,False,15,normal,1.05,12288,20617,39680,66126,58617,43166,37670,37172,315336,31534,346870,13600,0.4023,29.8
24.6,7,True,39,aging,1.15,17689,35087,70581,113466,108390,72275,73568,64062,555118,55512,610630,24500,0.4117,29.2
44.9,3,False,33,severe,1.25,39591,57920,122991,176617,176875,151379,123633,90884,939892,93989,1033881,43800,0.4347,27.6
31.8,5,False,7,normal,1.1,24623,39700,71409,108985,116132,87051,72925,72825,593648,59365,653013,26200,0.4116,29.2
44.7,3,False,15,aging,1.05,38901,58322,116451,141458,192348,141800,102253,101188,892722,89272,981995,43900,0.4587,26.2
47.9,4,False,11,poor,1.15,31686,66990,157654,166554,145980,147877,129482,162988,1009211,100921,1110132,48300,0.4464,26.9
46.0,7,True,21,normal,1.0,34557,54608,120229,160797,165034,119245,87609,89542,831620,83162,914782,42500,0.4767,25.2
17.2,4,False,44,poor,1.25,14197,28425,57083,73270,66518,71940,53359,50964,415757,41576,457332,18700,0.4195,28.6
16.8,15,True,15,normal,1.0,9403,23748,40078,55648,59141,48892,35077,29977,301965,30196,332161,16900,0.522,23.0
40.1,10,False,42,normal,1.45,27543,57570,108785,174251,170953,148106,104689,90813,882711,88271,970982,37000,0.391,30.7
23.6,9,True,49,aging,1.15,17962,39626,65073,77115,88682,69281,55913,47198,460850,46085,506935,21000,0.425,28.2
44.7,1,False,48,poor,1.2,36017,72720,109223,160627,207538,151899,121217,126404,985645,98564,1084209,40800,0.3861,31.1
15.5,14,True,7,normal,1.0,10953,20603,36682,63126,59322,49267,38931,34673,313557,31356,344913,14000,0.4165,28.8
37.8,5,False,30,aging,1.15,23857,47029,80977,116900,119581,94639,97849,71299,652131,65213,717344,30500,0.4362,27.5
27.2,1,False,7,aging,1.05,21572,36660,75576,100699,125963,103544,65292,58583,587889,58789,646678,29300,0.4649,25.8
16.1,8,True,24,severe,1.15,11353,22771,34685,60287,47444,45676,38984,37134,298334,29833,328167,16300,0.5096,23.5
17.5,7,False,18,aging,1.25,12125,21239,47985,58153,60985,82145,51171,50369,384172,38417,422590,19500,0.4734,25.3
30.4,10,True,52,poor,1.2,22403,36563,80040,113917,140899,124444,84704,106780,709751,70975,780726,28500,0.3745,32.0
